name,ROI_优化模型,ROI_直接计算,j,k,差异,相对差异(%)
龙里县,0.0092096954464812,0.009209695446481292,2,1,-9.194034422677078e-17,-9.982995068734658e-13
三都水族自治县,0.0088153564673807,0.008815356467380787,2,1,-8.673617379884035e-17,-9.839213436210748e-13
惠水县,0.0108680017771595,0.010868001777159575,2,1,-7.45931094670027e-17,-6.863553300457604e-13
绿春县,0.0231110642244105,0.02311106422441058,2,1,-7.979727989493313e-17,-3.4527739233509164e-13
金平苗族瑶族傣族自治县,0.0185266021759298,0.01852660217592981,2,1,-6.938893903907228e-18,-3.745367789525054e-14
隆安县,0.0283513484672363,0.028351348467236324,2,1,-2.42861286636753e-17,-8.566128236101744e-14
上林县,0.0268288312984604,0.026828831298460497,2,1,-9.71445146547012e-17,-3.6208999778635747e-13
马山县,0.0253426145450758,0.025342614545075838,2,1,-3.8163916471489756e-17,-1.505918673213816e-13
广安区,0.0173903791344897,0.01739037913448971,2,1,-6.938893903907228e-18,-3.9900762658736817e-14
汪清县,0.0450864710532682,0.0450864710532682,2,1,0.0,0.0
安图县,0.044341391413736,0.04434139141373603,2,1,-3.469446951953614e-17,-7.82439802030852e-14
香格里拉市,0.0345008241246531,0.034500824124653176,2,1,-7.632783294297951e-17,-2.2123481070250175e-13
周至县,0.0190307369203176,0.019030736920317603,2,1,-3.469446951953614e-18,-1.823075462857963e-14
和龙市,0.0454663537379722,0.045466353737972275,2,1,-7.632783294297951e-17,-1.6787762085093831e-13
龙井市,0.0453814935664238,0.04538149356642389,2,1,-9.020562075079397e-17,-1.9877182010054823e-13
田阳区,0.0306666845528803,0.030666684552880363,2,1,-6.245004513516506e-17,-2.0364133275469926e-13
宣威市,0.0237238458786355,0.02372384587863554,2,1,-3.8163916471489756e-17,-1.6086732592483326e-13
黔西市,0.0105357849986948,0.010535784998694842,2,1,-4.163336342344337e-17,-3.9516147518766614e-13
曲水县,0.0201402054086283,0.020140205408628386,2,1,-8.673617379884035e-17,-4.306618132190508e-13
商州区,0.0213292652885083,0.02132926528850839,2,1,-9.020562075079397e-17,-4.229194936189116e-13
墨竹工卡县,0.0155175347777937,0.015517534777793784,2,1,-8.326672684688674e-17,-5.365976492995831e-13
林周县,0.0162578422206646,0.01625784222066462,2,1,-2.0816681711721685e-17,-1.2804086439750613e-13
当雄县,0.0173771366935222,0.017377136693522255,2,1,-5.551115123125783e-17,-3.194493558420988e-13
尼木县,0.021539448925063,0.021539448925063077,0,0,-7.632783294297951e-17,-3.543629793340035e-13
大方县,0.011374352095686,0.011374352095686036,2,1,-3.642919299551295e-17,-3.202748841345389e-13
织金县,0.0105349573129533,0.010534957312953352,2,1,-5.204170427930421e-17,-4.939906516309834e-13
纳雍县,0.0130201196390379,0.01302011963903793,2,1,-2.949029909160572e-17,-2.2649791176407951e-13
富源县,0.0220009072853067,0.022000907285306702,2,1,-3.469446951953614e-18,-1.5769563077385827e-14
威宁彝族回族苗族自治县,0.0259610585041412,0.025961058504141276,2,1,-7.632783294297951e-17,-2.940089400854121e-13
会泽县,0.0299698586838544,0.029969858683854468,2,1,-6.938893903907228e-17,-2.315290831733347e-13
赫章县,0.0179287070426568,0.01792870704265683,2,1,-3.122502256758253e-17,-1.7416215510293336e-13
合作市,0.0317774644493617,0.03177746444936176,2,1,-6.245004513516506e-17,-1.9652305876915028e-13
师宗县,0.0227771196951878,0.02277711969518783,2,1,-2.7755575615628914e-17,-1.2185726723600127e-13
罗平县,0.0201794592445424,0.020179459244542463,2,1,-6.245004513516506e-17,-3.094733331471936e-13
德保县,0.0294111819565685,0.0294111819565685,2,1,0.0,0.0
凌云县,0.0267225412908299,0.026722541290829904,2,1,-3.469446951953614e-18,-1.2983222344740798e-14
那坡县,0.0279496796597948,0.027949679659794856,2,1,-5.551115123125783e-17,-1.9861104637671281e-13
田东县,0.0299262461006352,0.029926246100635222,2,1,-2.0816681711721685e-17,-6.955994962321661e-14
平武县,0.0228180445246937,0.022818044524693704,2,1,-3.469446951953614e-18,-1.5204839083379717e-14
北川羌族自治县,0.0164885198858457,0.016488519885845786,2,1,-8.673617379884035e-17,-5.260397804007693e-13
田林县,0.0306928281571639,0.03069282815716399,2,1,-9.020562075079397e-17,-2.9389804122608734e-13
乐业县,0.0287962108830735,0.028796210883073513,2,1,-1.3877787807814457e-17,-4.819310382246109e-14
柞水县,0.0199686406998126,0.01996864069981269,2,1,-9.020562075079397e-17,-4.517364106393086e-13
西林县,0.0174192309560859,0.017419230956085975,2,1,-7.632783294297951e-17,-4.381814164781591e-13
易县,0.0448642805242659,0.044864280524265984,2,1,-8.326672684688674e-17,-1.855969289462913e-13
曲阳县,0.0430834274949855,0.04308342749498556,2,1,-6.245004513516506e-17,-1.4495143206151265e-13
望都县,0.0419754772571521,0.04197547725715213,2,1,-2.7755575615628914e-17,-6.612331158402657e-14
隆林各族自治县,0.0323331818920645,0.03233318189206456,2,1,-5.551115123125783e-17,-1.7168477700885286e-13
顺平县,0.0431332718762512,0.04313327187625129,2,1,-9.020562075079397e-17,-2.0913233990130067e-13
武乡县,0.0338224449785504,0.0338224449785504,2,1,0.0,0.0
镇安县,0.0169305618896617,0.01693056188966171,2,1,-1.0408340855860843e-17,-6.147664161232874e-14
山阳县,0.0179935320998387,0.017993532099838793,2,1,-9.367506770274758e-17,-5.206041103157664e-13
商南县,0.0185308324116228,0.01853083241162288,2,1,-7.979727989493313e-17,-4.306189712496823e-13
丹凤县,0.0201944241461292,0.02019442414612921,2,1,-6.938893903907228e-18,-3.436044451526116e-14
洛南县,0.0231217303424215,0.023121730342421553,2,1,-5.204170427930421e-17,-2.250770314703612e-13
涞源县,0.0515272062349451,0.05152720623494513,2,1,-3.469446951953614e-17,-6.733233189733226e-14
贵定县,0.008786754004518,0.00878675400451806,2,1,-6.071532165918825e-17,-6.909869290521739e-13
红河县,0.0257997924209839,0.025799792420983923,2,1,-2.42861286636753e-17,-9.413303900818402e-14
荔波县,0.009832023491127,0.009832023491127096,2,1,-9.540979117872439e-17,-9.703983240563544e-13
元阳县,0.0206897598776038,0.020689759877603842,2,1,-4.163336342344337e-17,-2.0122690485407935e-13
瓮安县,0.0075662589754841,0.0075662589754841745,2,1,-7.45931094670027e-17,-9.858651376948064e-13
泸西县,0.026593676056974,0.026593676056974026,2,1,-2.7755575615628914e-17,-1.0436908216887972e-13
平塘县,0.0109405974016411,0.010940597401641184,2,1,-8.326672684688674e-17,-7.610802572297928e-13
石屏县,0.0307790120759177,0.0307790120759177,2,1,0.0,0.0
独山县,0.0103164015528396,0.010316401552839648,2,1,-4.85722573273506e-17,-4.708255788471205e-13
长顺县,0.0111692939748362,0.011169293974836281,2,1,-8.153200337090993e-17,-7.299655963447325e-13
屏边苗族自治县,0.0176528228784452,0.017652822878445273,2,1,-7.28583859910259e-17,-4.1272937757727456e-13
罗甸县,0.0131794091248686,0.013179409124868646,2,1,-4.683753385137379e-17,-3.5538417092610437e-13
安化县,0.0231486626361167,0.023148662636116746,2,1,-4.5102810375396984e-17,-1.9483981033542379e-13
郧阳区,0.0386991434119489,0.03869914341194898,2,1,-8.326672684688674e-17,-2.1516426335466847e-13
平顺县,0.0297014712318284,0.02970147123182848,2,1,-7.979727989493313e-17,-2.686644014099252e-13
壶关县,0.0305197033830535,0.030519703383053542,2,1,-4.163336342344337e-17,-1.36414705283672e-13
武冈市,0.0249401793348517,0.02494017933485171,2,1,-1.0408340855860843e-17,-4.173322379168341e-14
涞水县,0.0460331334578935,0.046033133457893546,2,1,-4.85722573273506e-17,-1.0551586146482856e-13
唐县,0.044159679047055,0.044159679047055034,2,1,-3.469446951953614e-17,-7.856594583164182e-14
阜平县,0.0459947419755751,0.04599474197557518,2,1,-8.326672684688674e-17,-1.8103531680013398e-13
玛曲县,0.0338323117188492,0.033832311718849296,2,1,-9.71445146547012e-17,-2.8713531449457e-13
绥滨县,0.0486697277926527,0.04866972779265275,2,1,-4.85722573273506e-17,-9.979973081888313e-14
碌曲县,0.033327030390824,0.03332703039082406,2,1,-6.245004513516506e-17,-1.8738556781932613e-13
靖宇县,0.0440599732085426,0.04405997320854267,2,1,-6.938893903907228e-17,-1.5748747442637718e-13
舟曲县,0.0177515028964942,0.017751502896494242,2,1,-4.163336342344337e-17,-2.345343020599432e-13
迭部县,0.025032750327557,0.02503275032755703,2,1,-3.122502256758253e-17,-1.2473668358050454e-13
临潭县,0.0287775450017208,0.02877754500172087,2,1,-7.28583859910259e-17,-2.5317790654716735e-13
卓尼县,0.0277099922985906,0.027709992298590648,2,1,-4.85722573273506e-17,-1.7528787739800643e-13
夏河县,0.0327765552200517,0.032776555220051795,2,1,-9.71445146547012e-17,-2.963841502027976e-13
维西傈僳族自治县,0.0272803856710421,0.02728038567104215,2,1,-4.85722573273506e-17,-1.780482794966845e-13
德钦县,0.0315235106527544,0.03152351065275444,2,1,-4.163336342344337e-17,-1.3207083399451756e-13
崆峒区,0.0250285889120188,0.025028588912018822,2,1,-2.0816681711721685e-17,-8.31716154070733e-14
万州区,0.0214745543375814,0.02147455433758142,2,1,-2.0816681711721685e-17,-9.693650161247617e-14
兴仁市,0.0175070470275285,0.017507047027528512,2,1,-1.0408340855860843e-17,-5.94522927795562e-14
龙州县,0.0283964086952636,0.02839640869526361,2,1,-6.938893903907228e-18,-2.4435815029893566e-14
宁明县,0.0306609324864587,0.030660932486458726,2,1,-2.42861286636753e-17,-7.920870858836785e-14
原州区,0.0145038936443467,0.014503893644346722,2,1,-2.2551405187698492e-17,-1.5548518032941106e-13
天等县,0.0274552673454229,0.027455267345422908,2,1,-6.938893903907228e-18,-2.527345232740565e-14
大新县,0.0275609412074183,0.02756094120741833,2,1,-3.122502256758253e-17,-1.1329447108714115e-13
台前县,0.0223105310234986,0.02231053102349865,2,1,-4.85722573273506e-17,-2.177100010582074e-13
范县,0.0217860384412272,0.02178603844122722,2,1,-1.734723475976807e-17,-7.962546658754033e-14
平陆县,0.024316195322046,0.024316195322046097,2,1,-9.71445146547012e-17,-3.995054052170154e-13
普安县,0.0168333790696355,0.01683337906963551,2,1,-1.0408340855860843e-17,-6.183155985975317e-14
晴隆县,0.0150238556024279,0.015023855602427994,2,1,-9.367506770274758e-17,-6.235088394194153e-13
贞丰县,0.0163615404817556,0.01636154048175561,2,1,-6.938893903907228e-18,-4.2409783550910966e-14
望谟县,0.0150563175987083,0.015056317598708346,2,1,-4.683753385137379e-17,-3.1108226526379795e-13
册亨县,0.0168756002759212,0.016875600275921256,2,1,-5.551115123125783e-17,-3.289432691201109e-13
安龙县,0.0181306272573701,0.01813062725737017,2,1,-6.938893903907228e-17,-3.8271670391803687e-13
洞口县,0.0239296275793748,0.023929627579374845,2,1,-4.5102810375396984e-17,-1.8848103768347606e-13
隆回县,0.0252908416970413,0.025290841697041398,2,1,-9.71445146547012e-17,-3.841094567685561e-13
绥宁县,0.0233256253538223,0.023325625353822342,2,1,-4.163336342344337e-17,-1.784876623538025e-13
城步苗族自治县,0.0230808652851401,0.023080865285140185,2,1,-8.326672684688674e-17,-3.607608545789448e-13
新宁县,0.0244463628538629,0.024446362853862903,2,1,-3.469446951953614e-18,-1.419207827640253e-14
邵阳县,0.0257586694064198,0.0257586694064198,2,1,0.0,0.0
新邵县,0.025527848459245,0.02552784845924506,2,1,-6.245004513516506e-17,-2.446349728018242e-13
河曲县,0.040489033238307,0.04048903323830709,0,0,-9.020562075079397e-17,-2.2279025586970424e-13
保德县,0.0389863326575212,0.03898633265752126,0,0,-5.551115123125783e-17,-1.4238618368878202e-13
偏关县,0.0416445402740848,0.04164454027408486,0,0,-6.245004513516506e-17,-1.4995974195932556e-13
玉树市,0.0139114681593996,0.013911468159399688,2,1,-8.847089727481716e-17,-6.359565810100297e-13
临夏市,0.0296771169787849,0.02967711697878491,2,1,-1.0408340855860843e-17,-3.5071940658189227e-14
色尼区,0.0163275391028592,0.016327539102859234,2,1,-3.469446951953614e-17,-2.1249050025830618e-13
繁峙县,0.0377001787546805,0.03770017875468051,2,1,-1.3877787807814457e-17,-3.681093370437008e-14
宁武县,0.0411902354109281,0.041190235410928186,0,0,-8.326672684688674e-17,-2.0215161679992544e-13
静乐县,0.041063339055794,0.041063339055794006,0,0,-6.938893903907228e-18,-1.6898026471931917e-14
神池县,0.0425954857987056,0.042595485798705625,0,0,-2.7755575615628914e-17,-6.516083827942242e-14
五寨县,0.0409611627337125,0.040961162733712524,0,0,-2.0816681711721685e-17,-5.082053419003362e-14
岢岚县,0.0402312824223797,0.040231282422379715,0,0,-1.3877787807814457e-17,-3.44950172408488e-14
英山县,0.0435130686649485,0.04351306866494857,2,1,-6.938893903907228e-17,-1.5946689389656334e-13
罗田县,0.0432454683400926,0.04324546834009263,2,1,-2.7755575615628914e-17,-6.418146613039886e-14
红安县,0.0425350239743493,0.04253502397434931,2,1,-6.938893903907228e-18,-1.6313365447006024e-14
汉滨区,0.0134023627338138,0.013402362733813821,2,1,-2.0816681711721685e-17,-1.553209842560202e-13
蕲春县,0.0403767813708195,0.04037678137081957,2,1,-6.938893903907228e-17,-1.7185356703350282e-13
团风县,0.0420207464654096,0.04202074646540969,2,1,-9.020562075079397e-17,-2.1466924873657048e-13
同心县,0.0182096980159396,0.01820969801593969,2,1,-9.020562075079397e-17,-4.953713162724243e-13
盐池县,0.0191563665380546,0.019156366538054637,2,1,-3.8163916471489756e-17,-1.9922314806242671e-13
淅川县,0.01503907394473,0.015039073944730075,2,1,-7.45931094670027e-17,-4.959953634189111e-13
内乡县,0.0164541259639737,0.01645412596397374,2,1,-4.163336342344337e-17,-2.5302689133776837e-13
社旗县,0.0170705846693682,0.017070584669368293,2,1,-9.367506770274758e-17,-5.487513727098024e-13
南召县,0.0177223233368761,0.01772232333687619,2,1,-8.673617379884035e-17,-4.894176240333105e-13
镇平县,0.0164867542746344,0.016486754274634408,2,1,-6.938893903907228e-18,-4.208768923415702e-14
涟源市,0.0262089609358694,0.02620896093586945,2,1,-5.204170427930421e-17,-1.9856454594535339e-13
班戈县,0.021822664315883,0.021822664315883002,0,0,-3.469446951953614e-18,-1.589836557870927e-14
巴青县,0.0123583178102525,0.012358317810252595,2,1,-9.540979117872439e-17,-7.720289496000125e-13
尼玛县,0.0237761829649397,0.023776182964939725,0,0,-2.42861286636753e-17,-1.0214477529672252e-13
聂荣县,0.0166941091137271,0.01669410911372713,2,1,-3.122502256758253e-17,-1.8704216172821708e-13
安多县,0.0222747766100262,0.02227477661002626,2,1,-5.898059818321144e-17,-2.6478648569998796e-13
申扎县,0.0222099974278553,0.02220999742785538,0,0,-7.979727989493313e-17,-3.5928540808767867e-13
索县,0.0101578218493713,0.010157821849371385,2,1,-8.500145032286355e-17,-8.368078470299601e-13
鄂伦春自治旗,0.0230595901342687,0.023059590134268792,2,1,-9.020562075079397e-17,-3.9118483991066105e-13
莫力达瓦达斡尔族自治旗,0.0246549531303229,0.024654953130322954,2,1,-5.551115123125783e-17,-2.2515212638139253e-13
嘉黎县,0.0112609731111611,0.011260973111161154,2,1,-5.377642775528102e-17,-4.775468978074486e-13
比如县,0.01129123518366,0.011291235183660087,2,1,-8.673617379884035e-17,-7.681725904032102e-13
汤原县,0.0464959842270941,0.046495984227094125,2,1,-2.7755575615628914e-17,-5.969456519097662e-14
桦川县,0.04773673760158,0.04773673760158006,2,1,-5.551115123125783e-17,-1.1628601789792279e-13
澜沧拉祜族自治县,0.0329187719692071,0.03291877196920719,2,1,-9.020562075079397e-17,-2.7402486591897755e-13
石泉县,0.0127576605541593,0.012757660554159334,2,1,-3.2959746043559335e-17,-2.5835258669594867e-13
西盟佤族自治县,0.032285060952431,0.03228506095243101,2,1,-1.3877787807814457e-17,-4.298516836707252e-14
宁陕县,0.0172871936941807,0.01728719369418078,2,1,-8.326672684688674e-17,-4.816671133552232e-13
黔江区,0.0162807691366313,0.016280769136631366,2,1,-6.591949208711867e-17,-4.048917562426537e-13
江城哈尼族彝族自治县,0.0251883569522808,0.025188356952280888,2,1,-8.673617379884035e-17,-3.4435026454151517e-13
孟连傣族拉祜族佤族自治县,0.0336264065265495,0.03362640652654959,2,1,-9.020562075079397e-17,-2.682582829050511e-13
汉阴县,0.0123648700323765,0.012364870032376574,2,1,-7.28583859910259e-17,-5.892369737833972e-13
桦南县,0.0454210231621272,0.045421023162127205,2,1,-6.938893903907228e-18,-1.527683310686183e-14
景谷傣族彝族自治县,0.0317158456538045,0.031715845653804586,2,1,-8.326672684688674e-17,-2.6253982868938003e-13
镇沅彝族哈尼族拉祜族自治县,0.0295906516550514,0.029590651655051415,2,1,-1.3877787807814457e-17,-4.6899230100075816e-14
五台县,0.0366756412765504,0.03667564127655041,2,1,-6.938893903907228e-18,-1.8919625294578838e-14
墨江哈尼族自治县,0.0287000316068156,0.02870003160681568,2,1,-7.979727989493313e-17,-2.780389965702438e-13
代县,0.0378414780636288,0.03784147806362884,2,1,-4.163336342344337e-17,-1.1002044728125745e-13
景东彝族自治县,0.0283600830301712,0.02836008303017127,2,1,-6.938893903907228e-17,-2.4467114205995763e-13
宁洱哈尼族彝族自治县,0.0293834661168942,0.029383466116894297,2,1,-9.71445146547012e-17,-3.3060944637449376e-13
白河县,0.0134497666404478,0.013449766640447803,2,1,-1.734723475976807e-18,-1.2897796090825338e-14
平利县,0.0128058189039208,0.012805818903920806,2,1,-6.938893903907228e-18,-5.4185475805711423e-14
镇坪县,0.0141526187325869,0.01415261873258693,2,1,-3.122502256758253e-17,-2.2063070557878983e-13
紫阳县,0.0099971427159889,0.009997142715988994,2,1,-9.367506770274758e-17,-9.370184097995096e-13
岚皋县,0.0117454289149368,0.011745428914936818,2,1,-1.734723475976807e-17,-1.4769349749081842e-13
和田市,0.0115436282054969,0.011543628205496936,2,1,-3.642919299551295e-17,-3.1557836363930893e-13
阳新县,0.038056592644312,0.038056592644312034,2,1,-3.469446951953614e-17,-9.116546466416667e-14
木里藏族自治县,0.0609746444641865,0.060974644464186524,2,1,-2.0816681711721685e-17,-3.4139898468696065e-14
盐源县,0.0582706448524146,0.05827064485241469,2,1,-9.020562075079397e-17,-1.5480456922909087e-13
布拖县,0.0491224909734663,0.04912249097346638,2,1,-8.326672684688674e-17,-1.695083559420133e-13
普格县,0.0518307164815709,0.051830716481570914,2,1,-1.3877787807814457e-17,-2.6775218923992463e-14
鲁山县,0.0181047724338313,0.018104772433831372,2,1,-7.28583859910259e-17,-4.0242641136366637e-13
抚远市,0.0475693997857024,0.047569399785702404,2,1,-6.938893903907228e-18,-1.458688555072499e-14
同江市,0.0475693997857024,0.047569399785702404,2,1,-6.938893903907228e-18,-1.458688555072499e-14
喜德县,0.0504675481874283,0.05046754818742836,2,1,-5.551115123125783e-17,-1.0999375484835986e-13
昭觉县,0.0470719767953604,0.047071976795360404,2,1,-6.938893903907228e-18,-1.4741029326372273e-14
金阳县,0.0411448279050077,0.04114482790500777,2,1,-6.938893903907228e-17,-1.6864559307253024e-13
雷波县,0.0201154629477486,0.02011546294774862,2,1,-2.0816681711721685e-17,-1.0348596880814791e-13
美姑县,0.0377251832190177,0.03772518321901773,2,1,-2.7755575615628914e-17,-7.357307041954136e-14
甘洛县,0.028518580621934,0.028518580621934075,2,1,-7.632783294297951e-17,-2.676424677470611e-13
越西县,0.0402861632706368,0.04028616327063685,2,1,-5.551115123125783e-17,-1.3779210211293047e-13
囊谦县,0.0146009453411243,0.014600945341124372,2,1,-7.28583859910259e-17,-4.989977312346771e-13
治多县,0.0188087774193701,0.018808777419370114,2,1,-1.3877787807814457e-17,-7.378357188448885e-14
称多县,0.0147082152451858,0.014708215245185818,2,1,-1.734723475976807e-17,-1.179424863628239e-13
杂多县,0.0161781663932187,0.016178166393218774,2,1,-7.28583859910259e-17,-4.503500843060012e-13
曲麻莱县,0.0180988997160925,0.018098899716092576,2,1,-7.632783294297951e-17,-4.217263708860317e-13
康乐县,0.0291278167285479,0.029127816728547907,2,1,-6.938893903907228e-18,-2.382222453736631e-14
临夏县,0.028836687109856,0.02883668710985604,2,1,-4.163336342344337e-17,-1.4437637466757953e-13
广河县,0.0291927339024384,0.02919273390243845,2,1,-4.85722573273506e-17,-1.6638475001922787e-13
永靖县,0.0299449798857597,0.029944979885759792,2,1,-9.367506770274758e-17,-3.128239459839957e-13
东乡族自治县,0.0286422682573656,0.02864226825736561,2,1,-1.0408340855860843e-17,-3.633909424468939e-14
和政县,0.0284696874497938,0.02846968744979388,2,1,-7.979727989493313e-17,-2.802885702052583e-13
积石山保安族东乡族撒拉族自治县,0.0293383467463118,0.029338346746311816,2,1,-1.734723475976807e-17,-5.912819461085969e-14
神农架林区,0.0391775017326199,0.03917750173261997,2,1,-6.938893903907228e-17,-1.7711425172702546e-13
武隆区,0.0148694381406025,0.014869438140602542,2,1,-4.163336342344337e-17,-2.799928486185309e-13
开州区,0.0223953369172659,0.022395336917265973,2,1,-7.28583859910259e-17,-3.2532837643918093e-13
同仁市,0.0133478899507581,0.013347889950758118,2,1,-1.734723475976807e-17,-1.299623747555905e-13
湟源县,0.014876852082601,0.014876852082601033,2,1,-3.2959746043559335e-17,-2.2155053945926397e-13
桑珠孜区,0.0249332848660231,0.02493328486602313,0,0,-3.122502256758253e-17,-1.2523429117088868e-13
大通回族土族自治县,0.0137123578316115,0.013712357831611576,2,1,-7.632783294297951e-17,-5.566353641021408e-13
碧江区,0.0073953441961601,0.007395344196160158,2,1,-5.811323644522304e-17,-7.858084073408894e-13
万山区,0.0081995661121214,0.00819956611212146,2,1,-5.898059818321144e-17,-7.193136487553911e-13
旬阳市,0.0139939475371413,0.013993947537141328,2,1,-2.7755575615628914e-17,-1.9833985758459403e-13
墨玉县,0.01486762941894,0.014867629418940098,0,0,-9.8879238130678e-17,-6.650639139869484e-13
皮山县,0.0173275763966663,0.017327576396666385,0,0,-8.326672684688674e-17,-4.805445663070702e-13
洛浦县,0.0140684480959562,0.014068448095956221,2,1,-2.0816681711721685e-17,-1.479671501059534e-13
策勒县,0.0159233036478744,0.01592330364787441,0,0,-1.0408340855860843e-17,-6.5365461125589e-14
湟中区,0.0130285459827053,0.013028545982705364,2,1,-6.418476861114186e-17,-4.926472124851339e-13
于田县,0.0172663193646209,0.017266319364620947,0,0,-4.5102810375396984e-17,-2.6121844165476053e-13
民丰县,0.0220365442425676,0.022036544242567603,0,0,-3.469446951953614e-18,-1.5744060927900595e-14
阜城县,0.0422678562012776,0.04226785620127767,2,1,-6.938893903907228e-17,-1.641647939480186e-13
谢通门县,0.0224815927362114,0.0224815927362114,0,0,0.0,0.0
昭化区,0.0210415553008692,0.021041555300869264,2,1,-6.245004513516506e-17,-2.967938645323672e-13
白朗县,0.0241598488912732,0.02415984889127324,0,0,-4.163336342344337e-17,-1.7232460190792717e-13
朝天区,0.0233002826039148,0.023300282603914823,2,1,-2.42861286636753e-17,-1.042310476508763e-13
仁布县,0.0211413128092721,0.0211413128092721,0,0,0.0,0.0
定日县,0.0235733577085401,0.023573357708540122,0,0,-2.0816681711721685e-17,-8.830596798766706e-14
萨迦县,0.0247903569435296,0.02479035694352963,0,0,-2.7755575615628914e-17,-1.1196117780334428e-13
拉孜县,0.0248844600245144,0.02488446002451445,0,0,-4.85722573273506e-17,-1.9519112441861534e-13
昂仁县,0.0253467931133554,0.02534679311335545,0,0,-4.85722573273506e-17,-1.9163077991810114e-13
饶阳县,0.0421640367353697,0.04216403673536971,2,1,-1.3877787807814457e-17,-3.291380257282847e-14
南木林县,0.0207167917958653,0.020716791795865386,0,0,-8.673617379884035e-17,-4.1867570352351075e-13
武强县,0.0420866712079134,0.04208667120791341,2,1,-6.938893903907228e-18,-1.648715306950323e-14
江孜县,0.0233815471477978,0.023381547147797818,0,0,-1.734723475976807e-17,-7.419198845189299e-14
武邑县,0.0417447016561561,0.041744701656156194,2,1,-9.71445146547012e-17,-2.3271100475184505e-13
和田县,0.0278381370960886,0.027838137096088667,0,0,-6.591949208711867e-17,-2.3679562989285134e-13
蒲城县,0.0264000512068655,0.026400051206865525,2,1,-2.42861286636753e-17,-9.199273317075808e-14
白水县,0.0284647706945533,0.028464770694553377,2,1,-7.632783294297951e-17,-2.6814842024209435e-13
合阳县,0.0282975797320747,0.028297579732074796,2,1,-9.71445146547012e-17,-3.432961955562215e-13
澄城县,0.028767799949954,0.028767799949954063,2,1,-6.245004513516506e-17,-2.170831458916092e-13
江口县,0.0060865409116313,0.006086540911631311,2,1,-1.1275702593849246e-17,-1.85256334551231e-13
玉屏侗族自治县,0.0082175707542075,0.008217570754207537,2,1,-3.642919299551295e-17,-4.4330854074923024e-13
石阡县,0.0067104233774039,0.006710423377403929,2,1,-2.949029909160572e-17,-4.3947002197966643e-13
思南县,0.0063930608462181,0.006393060846218157,2,1,-5.724587470723463e-17,-8.954376641213838e-13
印江土家族苗族自治县,0.006204423855241,0.0062044238552410366,2,1,-3.642919299551295e-17,-5.871486836725423e-13
德江县,0.0057914544708109,0.005791454470810975,2,1,-7.45931094670027e-17,-1.2879857701196338e-12
文山市,0.0253829020466154,0.02538290204661544,2,1,-3.8163916471489756e-17,-1.5035284933693602e-13
沿河土家族自治县,0.0056548873828568,0.005654887382856888,2,1,-8.760353553682876e-17,-1.5491649896053432e-12
松桃苗族自治县,0.0071443319704,0.007144331970400019,2,1,-1.9081958235744878e-17,-2.6709226719592733e-13
富平县,0.0258415297745212,0.025841529774521234,2,1,-3.469446951953614e-17,-1.342585745590943e-13
麻城市,0.0433469610269691,0.043346961026969166,2,1,-6.938893903907228e-17,-1.6007797869820812e-13
青川县,0.0212044594951962,0.02120445949519628,2,1,-8.326672684688674e-17,-3.9268497678872793e-13
剑阁县,0.019474454447293,0.019474454447293087,2,1,-8.673617379884035e-17,-4.4538435740825865e-13
旺苍县,0.0223280926118987,0.022328092611898755,2,1,-5.551115123125783e-17,-2.486157335341562e-13
苍溪县,0.0209074358995939,0.020907435899593995,2,1,-9.367506770274758e-17,-4.480466574314198e-13
龙山县,0.0189109387271201,0.01891093872712015,2,1,-5.204170427930421e-17,-2.751936592373983e-13
文县,0.0089559110108827,0.008955911010882788,2,1,-8.847089727481716e-17,-9.87849222343898e-13
成县,0.0106162578700343,0.01061625787003435,2,1,-5.0306980803327406e-17,-4.738673590938747e-13
两当县,0.0121805845142766,0.012180584514276649,2,1,-4.85722573273506e-17,-3.9876786923008425e-13
徽县,0.0110487753665636,0.011048775366563679,2,1,-7.979727989493313e-17,-7.222273713376362e-13
康县,0.0080393079116466,0.00803930791164661,2,1,-1.0408340855860843e-17,-1.2946812051796394e-13
宕昌县,0.0204305711661417,0.020430571166141796,2,1,-9.71445146547012e-17,-4.754860442457538e-13
礼县,0.0175298485490452,0.01752984854904528,2,1,-7.979727989493313e-17,-4.552080394287211e-13
西和县,0.0141835062203348,0.014183506220334841,2,1,-4.163336342344337e-17,-2.9353364941423137e-13
双湖县,0.0201805308911895,0.020180530891189596,2,1,-9.71445146547012e-17,-4.813773987339078e-13
河南蒙古族自治县,0.0145580498304184,0.014558049830418474,2,1,-7.28583859910259e-17,-5.004680354836481e-13
泽库县,0.0161413632615282,0.016141363261528253,2,1,-5.204170427930421e-17,-3.224120753377862e-13
桐柏县,0.0165915166567032,0.016591516656703276,2,1,-7.632783294297951e-17,-4.600413242639977e-13
尖扎县,0.0140482065212392,0.014048206521239203,2,1,-3.469446951953614e-18,-2.469672514216122e-14
泸溪县,0.0221763067951329,0.022176306795132973,2,1,-7.28583859910259e-17,-3.285415676473961e-13
乐安县,0.0372909333964826,0.037290933396482664,2,1,-6.245004513516506e-17,-1.6746710110789406e-13
保靖县,0.018897423069759,0.018897423069759067,2,1,-6.591949208711867e-17,-3.4882794253893535e-13
古丈县,0.0203515683752763,0.02035156837527633,2,1,-3.122502256758253e-17,-1.534280896282941e-13
凤凰县,0.0214066429515689,0.021406642951568945,2,1,-4.5102810375396984e-17,-2.1069539244167794e-13
花垣县,0.0197763915140721,0.0197763915140721,2,1,0.0,0.0
永顺县,0.0202617151119546,0.02026171511195468,2,1,-7.979727989493313e-17,-3.9383279971127257e-13
广昌县,0.0397073406927236,0.039707340692723636,2,1,-3.469446951953614e-17,-8.737545480071371e-14
武都区,0.0114620326290625,0.011462032629062525,2,1,-2.42861286636753e-17,-2.118832623290277e-13
望江县,0.035391581012105,0.035391581012105,2,1,0.0,0.0
岳西县,0.0361973790588621,0.036197379058862125,2,1,-2.7755575615628914e-17,-7.667841246321832e-14
宣汉县,0.0224741574834885,0.022474157483488542,2,1,-4.163336342344337e-17,-1.852499407554247e-13
六枝特区,0.012280382053025,0.012280382053025007,2,1,-6.938893903907228e-18,-5.650389274491653e-14
水城区,0.0154471858539819,0.015447185853981915,2,1,-1.5612511283791264e-17,-1.010702624502102e-13
宜君县,0.0289175180693873,0.028917518069387305,2,1,-3.469446951953614e-18,-1.199773418876651e-14
修水县,0.0353709753898034,0.035370975389803404,2,1,-6.938893903907228e-18,-1.9617479663587517e-14
娄烦县,0.0391907052063023,0.03919070520630239,0,0,-9.020562075079397e-17,-2.30170955781341e-13
太湖县,0.0350496671243045,0.0350496671243045,2,1,0.0,0.0
青龙满族自治县,0.0506408845895001,0.05064088458950011,2,1,-1.3877787807814457e-17,-2.740431554525388e-14
宿松县,0.0349227044919164,0.034922704491916465,2,1,-6.245004513516506e-17,-1.7882362217857535e-13
石台县,0.0319313983155972,0.03193139831559723,2,1,-2.7755575615628914e-17,-8.692251852331631e-14
富宁县,0.0163570074550931,0.016357007455093175,2,1,-7.632783294297951e-17,-4.666369025784902e-13
广南县,0.0197278194879616,0.01972781948796164,2,1,-4.163336342344337e-17,-2.1103885023303758e-13
丘北县,0.0246387785726659,0.024638778572665963,2,1,-6.245004513516506e-17,-2.534624228672056e-13
马关县,0.0175746813911474,0.01757468139114744,2,1,-3.8163916471489756e-17,-2.1715282127796263e-13
麻栗坡县,0.0146761842831987,0.014676184283198768,2,1,-6.765421556309548e-17,-4.609795997216097e-13
西畴县,0.0166911913905462,0.01669119139054622,2,1,-2.0816681711721685e-17,-1.2471657190098555e-13
砚山县,0.0246838402373468,0.024683840237346866,2,1,-6.591949208711867e-17,-2.6705525336929506e-13
桑植县,0.0214578748588336,0.02145787485883366,2,1,-5.898059818321144e-17,-2.748669128291175e-13
慈利县,0.0247806308732326,0.024780630873232644,2,1,-4.5102810375396984e-17,-1.820083217659959e-13
潜山市,0.035656002778641,0.03565600277864102,2,1,-2.0816681711721685e-17,-5.8381983647902e-14
吉隆县,0.0207960418636793,0.020796041863679348,0,0,-4.85722573273506e-17,-2.335649141588953e-13
聂拉木县,0.0249727987812916,0.024972798781291654,0,0,-5.551115123125783e-17,-2.2228646343334153e-13
萨嘎县,0.0272737518046001,0.027273751804600177,0,0,-7.632783294297951e-17,-2.7985820759029397e-13
岗巴县,0.0283754749173292,0.028375474917329203,0,0,-3.469446951953614e-18,-1.2226921177748415e-14
康马县,0.0240752835021201,0.024075283502120112,0,0,-1.3877787807814457e-17,-5.764329963795589e-14
定结县,0.0236401956412686,0.023640195641268607,0,0,-6.938893903907228e-18,-2.9352100165338843e-14
仲巴县,0.0276254742126419,0.02762547421264199,0,0,-9.020562075079397e-17,-3.265305784670078e-13
亚东县,0.0168651319378792,0.016865131937879287,2,1,-8.673617379884035e-17,-5.142928861649156e-13
正镶白旗,0.0269700097922804,0.026970009792280404,2,1,-3.469446951953614e-18,-1.2864092296127641e-14
永新县,0.0346882983471997,0.034688298347199754,2,1,-5.551115123125783e-17,-1.6002846457222948e-13
阳原县,0.0578772908921976,0.05787729089219766,2,1,-6.245004513516506e-17,-1.0790077450495154e-13
怀安县,0.0580626662979352,0.05806266629793524,2,1,-3.469446951953614e-17,-5.975349003352592e-14
南部县,0.0184204636486588,0.018420463648658826,2,1,-2.7755575615628914e-17,-1.506779424504321e-13
芒市,0.0333532571200237,0.033353257120023794,2,1,-9.71445146547012e-17,-2.912594542269757e-13
仪陇县,0.0186775143454597,0.018677514345459702,2,1,-3.469446951953614e-18,-1.857552824097816e-14
赤城县,0.0567859204914812,0.056785920491481234,2,1,-3.469446951953614e-17,-6.109695716694572e-14
太仆寺旗,0.0268189566592115,0.02681895665921159,2,1,-9.020562075079397e-17,-3.3635022382502256e-13
新化县,0.0244293204238087,0.024429320423808763,2,1,-6.245004513516506e-17,-2.556356216700215e-13
苏尼特右旗,0.0281623501350074,0.028162350135007452,2,1,-5.204170427930421e-17,-1.8479176641800685e-13
遂川县,0.0352556069717335,0.0352556069717335,2,1,0.0,0.0
万安县,0.0369880132642991,0.036988013264299124,2,1,-2.7755575615628914e-17,-7.50393794262495e-14
保亭黎族苗族自治县,0.0466241676079754,0.04662416760797546,2,1,-6.245004513516506e-17,-1.339435068530477e-13
新蔡县,0.0170277124870821,0.017027712487082146,2,1,-4.5102810375396984e-17,-2.6487885797703975e-13
确山县,0.0168589213700451,0.016858921370045153,2,1,-5.204170427930421e-17,-3.0868940626161085e-13
上蔡县,0.0177357667167416,0.017735766716741687,2,1,-8.673617379884035e-17,-4.890466546166605e-13
白沙黎族自治县,0.0444850670898995,0.04448506708989954,2,1,-4.163336342344337e-17,-9.35895259847688e-14
临高县,0.0440161615564685,0.0440161615564685,2,1,0.0,0.0
盘州市,0.0201088739976825,0.02010887399768251,2,1,-1.0408340855860843e-17,-5.175993870696278e-14
平舆县,0.0172691311862612,0.017269131186261267,2,1,-6.591949208711867e-17,-3.8171863642776646e-13
鹤峰县,0.026829574658852,0.02682957465885205,2,1,-5.204170427930421e-17,-1.9397141006159695e-13
宣恩县,0.0234001579737688,0.023400157973768876,2,1,-7.632783294297951e-17,-3.261851181882684e-13
咸丰县,0.0213417077491222,0.02134170774912224,2,1,-4.163336342344337e-17,-1.95079812322684e-13
来凤县,0.0224393622600648,0.022439362260064898,2,1,-9.71445146547012e-17,-4.3292012281288535e-13
万全区,0.0598278171104258,0.05982781711042584,2,1,-4.163336342344337e-17,-6.958863858696288e-14
建始县,0.0300323434542431,0.030032343454243195,2,1,-9.367506770274758e-17,-3.1191394652724804e-13
宣化区,0.0572739923833022,0.05727399238330226,2,1,-6.245004513516506e-17,-1.0903735279570248e-13
巴东县,0.0328868178505183,0.0328868178505183,2,1,0.0,0.0
崇礼区,0.0587420908220508,0.05874209082205082,2,1,-2.0816681711721685e-17,-3.543742046019827e-14
陇川县,0.0347855504370325,0.034785550437032534,2,1,-3.469446951953614e-17,-9.973816450695163e-14
盈江县,0.0325630551773273,0.032563055177327396,2,1,-9.71445146547012e-17,-2.9832739626452426e-13
梁河县,0.0339899977406063,0.03398999774060631,2,1,-1.3877787807814457e-17,-4.0829034216837534e-14
琼中黎族苗族自治县,0.0422451509231699,0.04224515092316996,2,1,-6.245004513516506e-17,-1.4782772405936282e-13
吉安县,0.0367041967762715,0.03670419677627159,2,1,-9.020562075079397e-17,-2.4576377818764804e-13
乌什县,0.0177928601308872,0.0177928601308872,0,0,0.0,0.0
柯坪县,0.0153510211963648,0.01535102119636481,0,0,-8.673617379884035e-18,-5.650189175647798e-14
张北县,0.0635029212705099,0.0635029212705099,2,1,0.0,0.0
尚义县,0.0628300391195468,0.06283003911954688,2,1,-8.326672684688674e-17,-1.3252693777327582e-13
蔚县,0.0548445393763706,0.05484453937637066,2,1,-6.245004513516506e-17,-1.1386738925201214e-13
康保县,0.0652253897935663,0.06522538979356633,2,1,-2.7755575615628914e-17,-4.2553330387864775e-14
沽源县,0.0629695429186318,0.06296954291863188,2,1,-8.326672684688674e-17,-1.3223333533559632e-13
保康县,0.0387577480894459,0.03875774808944599,2,1,-9.020562075079397e-17,-2.327421617546392e-13
利川市,0.0239414871633031,0.023941487163303177,2,1,-7.632783294297951e-17,-3.188099069299781e-13
城口县,0.0274415556044783,0.027441555604478373,2,1,-7.28583859910259e-17,-2.655038476723078e-13
恩施市,0.0261448221167111,0.026144822116711174,2,1,-7.28583859910259e-17,-2.7867233391676617e-13
延寿县,0.043108218784734,0.04310821878473403,2,1,-3.469446951953614e-17,-8.048226184613904e-14
井冈山市,0.0330994430742617,0.03309944307426179,2,1,-9.020562075079397e-17,-2.7252911944291315e-13
海原县,0.0164877293755302,0.01648772937553027,2,1,-6.938893903907228e-17,-4.2085200125890973e-13
万源市,0.0249016626496445,0.024901662649644572,2,1,-7.28583859910259e-17,-2.9258442304078766e-13
嘉陵区,0.0168491233428221,0.016849123342822125,2,1,-2.42861286636753e-17,-1.4413882651064696e-13
忻城县,0.0249997992281761,0.02499979922817618,2,1,-7.979727989493313e-17,-3.1919168296758605e-13
金秀瑶族自治县,0.0244045508971736,0.024404550897173603,2,1,-3.469446951953614e-18,-1.4216393354550218e-14
天峻县,0.0189615667383515,0.018961566738351553,2,1,-5.204170427930421e-17,-2.744588830523428e-13
都兰县,0.0184749154367585,0.018474915436758575,2,1,-7.632783294297951e-17,-4.1314307069094346e-13
乌兰县,0.0197118827589015,0.01971188275890152,2,1,-2.0816681711721685e-17,-1.0560473581510754e-13
沧源佤族自治县,0.033072712088446,0.03307271208844601,2,1,-1.3877787807814457e-17,-4.196144474242461e-14
双江拉祜族佤族布朗族傣族自治县,0.0330468753254922,0.03304687532549226,2,1,-6.245004513516506e-17,-1.8897412998980658e-13
耿马傣族佤族自治县,0.033607292210642,0.033607292210642,2,1,0.0,0.0
永德县,0.0317369315429588,0.03173693154295885,2,1,-4.85722573273506e-17,-1.530464823343227e-13
镇康县,0.0319469110006151,0.031946911000615155,2,1,-5.551115123125783e-17,-1.7376062189608545e-13
凤庆县,0.0307251552456856,0.030725155245685653,2,1,-5.204170427930421e-17,-1.6937816542558163e-13
云县,0.0306518246509105,0.030651824650910507,2,1,-6.938893903907228e-18,-2.2637784154559652e-14
德令哈市,0.0205928523852024,0.02059285238520243,2,1,-3.122502256758253e-17,-1.516303908924251e-13
格尔木市,0.0188034326378802,0.018803432637880237,2,1,-3.8163916471489756e-17,-2.0296249736129075e-13
茫崖市,0.0209843774630414,0.020984377463041416,2,1,-1.734723475976807e-17,-8.266737857875824e-14
泾川县,0.0222608571355187,0.022260857135518796,2,1,-9.71445146547012e-17,-4.363916180913813e-13
灵台县,0.0207024083056393,0.020702408305639353,2,1,-5.204170427930421e-17,-2.51379953051781e-13
洛宁县,0.0203413818143407,0.020341381814340774,2,1,-7.28583859910259e-17,-3.58178154542384e-13
嵩县,0.020338986262971,0.020338986262971016,2,1,-1.734723475976807e-17,-8.529055743230575e-14
石柱土家族自治县,0.0183062163854135,0.0183062163854135,2,1,0.0,0.0
栾川县,0.0212220862501394,0.021222086250139494,2,1,-9.367506770274758e-17,-4.4140367067885166e-13
宜阳县,0.0200149922685673,0.020014992268567323,2,1,-2.42861286636753e-17,-1.2133968546076138e-13
汝阳县,0.0201773494674875,0.02017734946748755,2,1,-4.85722573273506e-17,-2.4072664948196856e-13
庄浪县,0.0222984295920457,0.0222984295920457,2,1,0.0,0.0
彭水苗族土家族自治县,0.0152975874138306,0.015297587413830638,2,1,-3.8163916471489756e-17,-2.494767013848572e-13
静宁县,0.0234896504672675,0.023489650467267576,2,1,-7.632783294297951e-17,-3.249423955854134e-13
酉阳土家族苗族自治县,0.0169990299809568,0.01699902998095686,2,1,-5.898059818321144e-17,-3.4696449296980105e-13
秀山土家族苗族自治县,0.0177374880206994,0.017737488020699486,2,1,-8.673617379884035e-17,-4.889991959268417e-13
巫山县,0.0275401145055673,0.027540114505567315,2,1,-1.3877787807814457e-17,-5.039117685951894e-14
奉节县,0.0254053600379181,0.025405360037918146,2,1,-4.5102810375396984e-17,-1.7753265573910346e-13
云阳县,0.0234387377043858,0.02343873770438588,2,1,-7.979727989493313e-17,-3.40450415467559e-13
巫溪县,0.0273136285573653,0.02731362855736531,2,1,-1.0408340855860843e-17,-3.810676722794548e-14
隆德县,0.0107888297490813,0.010788829749081385,2,1,-8.500145032286355e-17,-7.87865341281347e-13
西吉县,0.0123191389714945,0.012319138971494548,2,1,-4.85722573273506e-17,-3.942828913590692e-13
彭阳县,0.0128648236226015,0.012864823622601596,2,1,-9.540979117872439e-17,-7.416331072825862e-13
泾源县,0.0106668486987982,0.010666848698798238,2,1,-3.8163916471489756e-17,-3.5778061121078274e-13
丰都县,0.0176625517532273,0.017662551753227396,2,1,-9.71445146547012e-17,-5.50002717681778e-13
乐都区,0.0135572004147541,0.013557200414754177,2,1,-7.806255641895632e-17,-5.758014489038722e-13
平安区,0.0133685055920537,0.013368505592053747,2,1,-4.683753385137379e-17,-3.50357289592743e-13
饶河县,0.044560175739284,0.04456017573928407,2,1,-6.938893903907228e-17,-1.5571962607386954e-13
通道侗族自治县,0.0224637931499332,0.022463793149933298,2,1,-9.71445146547012e-17,-4.324492929858983e-13
阆中市,0.0193500261518991,0.019350026151899125,2,1,-2.42861286636753e-17,-1.2550953922763416e-13
靖州苗族侗族自治县,0.022224656036515,0.02222465603651509,2,1,-8.673617379884035e-17,-3.9027003907881817e-13
芷江侗族自治县,0.0219646879158765,0.021964687915876534,2,1,-3.469446951953614e-17,-1.5795566799043049e-13
中方县,0.0228038622087774,0.022803862208777448,2,1,-4.85722573273506e-17,-2.130001351641856e-13
辰溪县,0.0225241712773012,0.022524171277301296,2,1,-9.71445146547012e-17,-4.3129007260124354e-13
沅陵县,0.0223182702910144,0.022318270291014464,2,1,-6.245004513516506e-17,-2.798157936115148e-13
会同县,0.0220862652247964,0.022086265224796443,2,1,-4.163336342344337e-17,-1.8850341150798657e-13
溆浦县,0.0234172988051144,0.02341729880511445,2,1,-5.204170427930421e-17,-2.2223615418845e-13
新晃侗族自治县,0.020340662453663,0.02034066245366306,2,1,-6.245004513516506e-17,-3.0702070435232407e-13
麻阳苗族自治县,0.0214072812893466,0.021407281289346623,2,1,-2.42861286636753e-17,-1.1344798218614215e-13
大柴旦行政委员会,0.0229039863897416,0.02290398638974169,2,1,-9.020562075079397e-17,-3.9384244827876575e-13
临翔区,0.0323305543611129,0.03233055436111293,2,1,-2.7755575615628914e-17,-8.584936498649468e-14
太康县,0.019067398713351,0.019067398713351048,2,1,-4.85722573273506e-17,-2.5473982087205303e-13
商水县,0.0180996980938409,0.018099698093840988,2,1,-8.673617379884035e-17,-4.792133733344159e-13
郸城县,0.0185694997875901,0.01856949978759014,2,1,-3.8163916471489756e-17,-2.0551935651489346e-13
沈丘县,0.0178464098581903,0.01784640985819036,2,1,-5.898059818321144e-17,-3.3048999015419967e-13
五指山市,0.0453523743894241,0.045352374389424174,2,1,-7.632783294297951e-17,-1.6829953000383277e-13
宜川县,0.0306114610373148,0.030611461037314814,2,1,-1.3877787807814457e-17,-4.533526769891083e-14
八宿县,0.0121877452593957,0.012187745259395755,2,1,-5.551115123125783e-17,-4.554669469191873e-13
左贡县,0.0118476263337957,0.01184762633379578,2,1,-7.979727989493313e-17,-6.735296813616455e-13
芒康县,0.0130715811572283,0.013071581157228318,2,1,-1.734723475976807e-17,-1.3270953644483478e-13
洛隆县,0.0110022221414068,0.01100222214140687,2,1,-6.938893903907228e-17,-6.306811310228592e-13
贡觉县,0.0122347826111915,0.012234782611191597,2,1,-9.71445146547012e-17,-7.940027848622305e-13
类乌齐县,0.0113759259741437,0.011375925974143764,2,1,-6.418476861114186e-17,-5.642157724744942e-13
丁青县,0.0096544212672221,0.009654421267222168,2,1,-6.765421556309548e-17,-7.007588926411265e-13
察雅县,0.0132475621165909,0.013247562116590972,2,1,-7.28583859910259e-17,-5.499758019611742e-13
江达县,0.0099920791511786,0.009992079151178668,2,1,-6.765421556309548e-17,-6.770784592425388e-13
延长县,0.0323366922417944,0.03233669224179445,2,1,-5.551115123125783e-17,-1.716661395549632e-13
延川县,0.0335489003746962,0.03354890037469627,2,1,-6.938893903907228e-17,-2.0682925003231342e-13
龙陵县,0.0321182216099232,0.032118221609923225,2,1,-2.7755575615628914e-17,-8.64169129683493e-14
昌宁县,0.0320043665750425,0.032004366575042506,2,1,-6.938893903907228e-18,-2.1681084947071828e-14
施甸县,0.0331789216848351,0.03317892168483516,2,1,-6.245004513516506e-17,-1.8822204569628505e-13
互助土族自治县,0.0135423780673378,0.013542378067337857,2,1,-5.724587470723463e-17,-4.2271655999106187e-13
化隆回族自治县,0.015368871033214,0.015368871033214026,2,1,-2.6020852139652106e-17,-1.693088066352944e-13
民和回族土族自治县,0.0111982663877958,0.011198266387795874,2,1,-7.28583859910259e-17,-6.506220111929881e-13
循化撒拉族自治县,0.0122743351595684,0.012274335159568495,2,1,-9.540979117872439e-17,-7.773112754245382e-13
措勤县,0.0274651418604471,0.02746514186044714,0,0,-3.8163916471489756e-17,-1.389540118358174e-13
靖远县,0.0327157311981813,0.03271573119818131,2,1,-6.938893903907228e-18,-2.1209655568673233e-14
改则县,0.0223653444635497,0.022365344463549795,0,0,-9.367506770274758e-17,-4.188402635846531e-13
会宁县,0.0279874799422189,0.02798747994221896,2,1,-6.245004513516506e-17,-2.231356494550247e-13
景泰县,0.0349374657377415,0.03493746573774159,2,1,-9.020562075079397e-17,-2.581916542771685e-13
噶尔县,0.0266826021189826,0.026682602118982636,0,0,-3.469446951953614e-17,-1.3002655949681038e-13
札达县,0.0266826021189826,0.026682602118982636,0,0,-3.469446951953614e-17,-1.3002655949681038e-13
革吉县,0.0268250655500679,0.02682506555006799,0,0,-9.020562075079397e-17,-3.3627362655434534e-13
日土县,0.0210033432811545,0.02100334328115453,0,0,-3.122502256758253e-17,-1.4866691530771439e-13
普兰县,0.025929804407732,0.02592980440773206,0,0,-5.898059818321144e-17,-2.274625649147739e-13
寿县,0.0365796806168773,0.036579680616877344,2,1,-4.163336342344337e-17,-1.1381554655847467e-13
边坝县,0.0087274451687741,0.008727445168774184,2,1,-8.500145032286355e-17,-9.73955707301252e-13
吉县,0.030681619997853,0.03068161999785305,2,1,-5.204170427930421e-17,-1.696185021617041e-13
泗县,0.0399073420364401,0.039907342036440106,2,1,-6.938893903907228e-18,-1.7387512046207438e-14
灵璧县,0.0399456076151472,0.03994560761514728,2,1,-8.326672684688674e-17,-2.0845026979965677e-13
萧县,0.0406019610791603,0.04060196107916031,2,1,-6.938893903907228e-18,-1.709004619352916e-14
砀山县,0.0408204412496158,0.0408204412496158,2,1,0.0,0.0
大宁县,0.0311301727903868,0.031130172790386813,2,1,-1.3877787807814457e-17,-4.4579861156761724e-14
永和县,0.0331194841844715,0.03311948418447156,2,1,-6.245004513516506e-17,-1.8855983622005035e-13
隰县,0.0340270252963992,0.03402702529639921,2,1,-1.3877787807814457e-17,-4.078460484549916e-14
汾西县,0.0332604715615044,0.033260471561504454,2,1,-5.551115123125783e-17,-1.6689826880117426e-13
卡若区,0.0104269959370693,0.010426995937069328,2,1,-2.7755575615628914e-17,-2.661895696818508e-13
托里县,0.0154757647915483,0.015475764791548307,0,0,-6.938893903907228e-18,-4.4837163121636016e-14
印台区,0.0278737205803756,0.027873720580375627,2,1,-2.7755575615628914e-17,-9.957614210702142e-14
耀州区,0.026918381696776,0.026918381696776007,2,1,-6.938893903907228e-18,-2.5777529949871744e-14
隆阳区,0.0313138598895699,0.0313138598895699,2,1,0.0,0.0
卢氏县,0.0207417693203234,0.02074176932032349,2,1,-9.020562075079397e-17,-4.34898389610415e-13
东川区,0.0298668346120617,0.029866834612061723,2,1,-2.42861286636753e-17,-8.131470568986024e-14
桐梓县,0.0041904161401826,0.004190416140182618,2,1,-1.8214596497756474e-17,-4.3467273627298234e-13
正安县,0.0037486141204144,0.003748614120414484,2,1,-8.370040771588094e-17,-2.2328360569325867e-12
道真仡佬族苗族自治县,0.00342878014656,0.0034287801465600954,2,1,-9.540979117872439e-17,-2.78261618128079e-12
寻甸回族彝族自治县,0.0312886539260269,0.03128865392602698,2,1,-7.632783294297951e-17,-2.4394732072346326e-13
务川仡佬族苗族自治县,0.0041398427214886,0.004139842721488674,2,1,-7.37257477290143e-17,-1.7808828182366979e-12
凤冈县,0.005741678707129,0.005741678707129027,2,1,-2.688821387764051e-17,-4.682988242490017e-13
环县,0.0295911052353801,0.029591105235380177,2,1,-7.632783294297951e-17,-2.579418116891398e-13
湄潭县,0.0055729496382085,0.005572949638208535,2,1,-3.5561831257524545e-17,-6.381150659196725e-13
庆城县,0.0255875393856236,0.025587539385623626,2,1,-2.7755575615628914e-17,-1.084730157024141e-13
莲花县,0.0340884315033151,0.034088431503315156,2,1,-5.551115123125783e-17,-1.6284454515268407e-13
禄劝彝族苗族自治县,0.0303920025058166,0.03039200250581662,2,1,-1.734723475976807e-17,-5.707828813336023e-14
合水县,0.0253534169856151,0.025353416985615128,2,1,-2.7755575615628914e-17,-1.094746938110027e-13
华池县,0.027534421779882,0.027534421779882023,2,1,-2.42861286636753e-17,-8.820279161053572e-14
凤山县,0.0247120639979655,0.02471206399796556,2,1,-5.898059818321144e-17,-2.38671274839961e-13
罗城仫佬族自治县,0.0223518896790235,0.022351889679023573,2,1,-7.28583859910259e-17,-3.259607444260107e-13
东兰县,0.0239243524603306,0.023924352460330645,2,1,-4.5102810375396984e-17,-1.8852259617133918e-13
宁县,0.0236293997486184,0.023629399748618496,2,1,-9.71445146547012e-17,-4.1111714934858127e-13
古蔺县,0.0183654818532529,0.01836548185325293,2,1,-3.122502256758253e-17,-1.7002016509603252e-13
正宁县,0.0237818210963165,0.023781821096316567,2,1,-6.591949208711867e-17,-2.771843746538341e-13
镇原县,0.0249214839047529,0.02492148390475294,2,1,-4.163336342344337e-17,-1.6705812375603845e-13
叙永县,0.0171815530884412,0.01718155308844127,2,1,-6.938893903907228e-17,-4.038571989499194e-13
巴马瑶族自治县,0.0261697971780017,0.026169797178001785,2,1,-8.673617379884035e-17,-3.3143617128126003e-13
环江毛南族自治县,0.0215821009364525,0.02158210093645254,2,1,-4.163336342344337e-17,-1.9290690719143056e-13
大化瑶族自治县,0.0247724390166174,0.0247724390166174,2,1,0.0,0.0
都安瑶族自治县,0.0235132340864161,0.02351323408641611,2,1,-1.0408340855860843e-17,-4.426588370450439e-14
大悟县,0.0410984003164688,0.04109840031646883,2,1,-2.7755575615628914e-17,-6.753444270799703e-14
孝昌县,0.0417250002193506,0.04172500021935064,2,1,-4.163336342344337e-17,-9.978037916015451e-14
扎赉特旗,0.0256976933893124,0.025697693389312482,2,1,-8.326672684688674e-17,-3.240241277122439e-13
科尔沁右翼中旗,0.0264791198342507,0.026479119834250754,2,1,-5.551115123125783e-17,-2.0964122515678986e-13
科尔沁右翼前旗,0.0265570081406432,0.026557008140643233,2,1,-3.469446951953614e-17,-1.3064148391941491e-13
魏县,0.0371975779682606,0.0371975779682606,2,1,0.0,0.0
突泉县,0.0264475991425902,0.02644759914259025,2,1,-5.204170427930421e-17,-1.967728866379336e-13
习水县,0.0045472957813724,0.004547295781372451,2,1,-5.117434254131581e-17,-1.1253796762230964e-12
武定县,0.0332536258925404,0.03325362589254042,2,1,-2.0816681711721685e-17,-6.259973507548049e-14
永仁县,0.0369287855206206,0.03692878552062066,2,1,-6.245004513516506e-17,-1.6910939326800654e-13
大姚县,0.0354825201757755,0.035482520175775564,2,1,-6.245004513516506e-17,-1.7600228175957078e-13
瑞金市,0.0400201185756739,0.04002011857567396,2,1,-6.245004513516506e-17,-1.5604662694109313e-13
姚安县,0.036089423963293,0.03608942396329301,2,1,-6.938893903907228e-18,-1.922694557542637e-14
南华县,0.0341448811013397,0.03414488110133973,2,1,-2.7755575615628914e-17,-8.128766222161447e-14
牟定县,0.036311806944629,0.036311806944629,2,1,0.0,0.0
双柏县,0.0304988293367995,0.030498829336799527,2,1,-2.7755575615628914e-17,-9.100538026926615e-14
石门县,0.0258538916232675,0.025853891623267587,2,1,-8.673617379884035e-17,-3.354859495147758e-13
阿尔山市,0.025150574403643,0.025150574403643045,2,1,-4.5102810375396984e-17,-1.7933113435716947e-13
广灵县,0.0405473002548217,0.04054730025482177,0,0,-6.938893903907228e-17,-1.7113084867054926e-13
灵丘县,0.0375789543071985,0.037578954307198556,2,1,-5.551115123125783e-17,-1.4771872249948215e-13
浑源县,0.0391980779335234,0.03919807793352344,0,0,-3.469446951953614e-17,-8.85106396756876e-14
阳高县,0.0422754189078596,0.042275418907859665,0,0,-6.245004513516506e-17,-1.4772188365838904e-13
天镇县,0.0430137872762839,0.0430137872762839,0,0,0.0,0.0
大名县,0.0379555800041615,0.037955580004161535,2,1,-3.469446951953614e-17,-9.140808681024545e-14
平泉市,0.0565963984544028,0.056596398454402855,2,1,-5.551115123125783e-17,-9.808248006448792e-14
赣县区,0.0381901230518533,0.038190123051853375,2,1,-7.632783294297951e-17,-1.998627572876472e-13
上犹县,0.0374861115489641,0.037486111548964154,2,1,-5.551115123125783e-17,-1.480845810287617e-13
大安市,0.0573751614571634,0.057375161457163495,0,0,-9.71445146547012e-17,-1.6931458175891957e-13
淮阳区,0.0186244064690741,0.018624406469074106,2,1,-6.938893903907228e-18,-3.7256993480191096e-14
长阳土家族自治县,0.0317989508784226,0.031798950878422674,2,1,-7.632783294297951e-17,-2.4003255086875244e-13
秭归县,0.0328242087489224,0.03282420874892248,2,1,-8.326672684688674e-17,-2.536747419680608e-13
五峰土家族自治县,0.031210455770664,0.03121045577066407,2,1,-6.938893903907228e-17,-2.2232593957917678e-13
围场满族蒙古族自治县,0.0608901386610029,0.06089013866100294,2,1,-4.163336342344337e-17,-6.837455840794042e-14
丰宁满族自治县,0.0573149285336926,0.05731492853369265,2,1,-4.85722573273506e-17,-8.474625820879693e-14
封丘县,0.0202970384281348,0.020297038428134805,2,1,-6.938893903907228e-18,-3.4186730879362473e-14
南康区,0.0391534016312622,0.039153401631262276,2,1,-7.632783294297951e-17,-1.9494559798869451e-13
喀喇沁旗,0.0244811907529381,0.024481190752938177,2,1,-7.632783294297951e-17,-3.1178153756192933e-13
宁城县,0.0243074481642554,0.024307448164255487,2,1,-8.673617379884035e-17,-3.5682961540318063e-13
敖汉旗,0.025589259193961,0.02558925919396108,2,1,-7.979727989493313e-17,-3.1183896059704936e-13
翁牛特旗,0.0266160399873186,0.026616039987318606,2,1,-6.938893903907228e-18,-2.6070346705269875e-14
资源县,0.0220161254538885,0.02201612545388859,2,1,-9.020562075079397e-17,-4.0972523044404e-13
龙胜各族自治县,0.0198524189573137,0.019852418957313777,2,1,-7.632783294297951e-17,-3.8447623489660325e-13
林西县,0.0259333239457765,0.025933323945776576,2,1,-7.632783294297951e-17,-2.9432336981781326e-13
巴林左旗,0.0261003922615716,0.02610039226157166,2,1,-5.898059818321144e-17,-2.259759071515957e-13
巴林右旗,0.0266509735542193,0.026650973554219394,2,1,-9.367506770274758e-17,-3.514883518689204e-13
阿鲁科尔沁旗,0.0265506236681257,0.026550623668125783,2,1,-8.326672684688674e-17,-3.136149564232235e-13
右玉县,0.0448194828910917,0.04481948289109177,0,0,-6.938893903907228e-17,-1.5481869616318997e-13
承德县,0.0539318035090174,0.053931803509017454,2,1,-5.551115123125783e-17,-1.02928416295176e-13
滦平县,0.0523137535678127,0.05231375356781276,2,1,-6.245004513516506e-17,-1.1937595923835387e-13
隆化县,0.0567032975505361,0.056703297550536116,2,1,-1.3877787807814457e-17,-2.4474392861272395e-14
石城县,0.0403923401659201,0.04039234016592018,2,1,-7.632783294297951e-17,-1.8896610750812308e-13
会昌县,0.0397115692213376,0.03971156922133763,2,1,-2.7755575615628914e-17,-6.9892920778148e-14
寻乌县,0.0414618855851516,0.04146188558515166,2,1,-6.245004513516506e-17,-1.506203691747432e-13
于都县,0.0389745425958845,0.038974542595884565,2,1,-6.245004513516506e-17,-1.6023291352689112e-13
兴国县,0.0380944028281646,0.03809440282816469,2,1,-9.020562075079397e-17,-2.36794946380158e-13
宁都县,0.0399549069648878,0.03995490696488781,2,1,-6.938893903907228e-18,-1.7366812817271973e-14
拜泉县,0.0533195982272882,0.05331959822728827,0,0,-6.938893903907228e-17,-1.301377755010163e-13
克东县,0.0521564689246788,0.052156468924678845,0,0,-4.163336342344337e-17,-7.98239686884626e-14
安远县,0.0390046712915378,0.03900467129153786,2,1,-6.245004513516506e-17,-1.601091435135712e-13
富裕县,0.0562283239987885,0.0562283239987885,0,0,0.0,0.0
甘南县,0.0564768946270065,0.05647689462700656,0,0,-5.551115123125783e-17,-9.829002036651123e-14
泰来县,0.0569059658662954,0.056905965866295496,0,0,-9.71445146547012e-17,-1.7071059804687078e-13
龙江县,0.0569692092046388,0.05696920920463885,0,0,-4.85722573273506e-17,-8.526054338032744e-14
赤水市,0.0036208807604225,0.003620880760422518,2,1,-1.7780915628762273e-17,-4.910660362835984e-13
松潘县,0.0496062058103465,0.04960620581034651,2,1,-1.3877787807814457e-17,-2.7975910636809732e-14
茂县,0.0368235055796292,0.03682350557962929,2,1,-9.020562075079397e-17,-2.449674992396585e-13
理县,0.0438413700370904,0.04384137003709049,2,1,-9.020562075079397e-17,-2.0575456623385309e-13
汶川县,0.0256404964059653,0.025640496405965375,2,1,-7.632783294297951e-17,-2.9768469273949587e-13
黑水县,0.052018038777844,0.052018038777844056,2,1,-5.551115123125783e-17,-1.0671519445077886e-13
小金县,0.0541865592271475,0.054186559227147525,2,1,-2.7755575615628914e-17,-5.1222251442980235e-14
金川县,0.0572240769917968,0.05722407699179686,2,1,-5.551115123125783e-17,-9.700663453115271e-14
九寨沟县,0.0448152229343942,0.04481522293439423,2,1,-2.7755575615628914e-17,-6.193336504486605e-14
兰考县,0.0201413383228598,0.020141338322859813,2,1,-1.3877787807814457e-17,-6.890201428205784e-14
大同区,0.0548036383397794,0.05480363833977949,0,0,-9.020562075079397e-17,-1.6459786883404376e-13
阿坝县,0.0627358044349189,0.06273580443491891,2,1,-1.3877787807814457e-17,-2.2121000810966e-14
壤塘县,0.0606460721220208,0.06064607212202085,2,1,-4.85722573273506e-17,-8.009134908130975e-14
红原县,0.0640292046972185,0.06402920469721851,2,1,-1.3877787807814457e-17,-2.1674153026638048e-14
若尔盖县,0.0648991929529977,0.06489919295299773,2,1,-2.7755575615628914e-17,-4.27672122760147e-14
临泉县,0.0362578143228972,0.036257814322897264,2,1,-6.245004513516506e-17,-1.722388574749997e-13
阜南县,0.0361276086340879,0.03612760863408791,2,1,-1.3877787807814457e-17,-3.841324774183969e-14
颍上县,0.0367300526035323,0.03673005260353233,2,1,-2.7755575615628914e-17,-7.556639222716404e-14
甘谷县,0.0221978471747328,0.022197847174732888,2,1,-8.673617379884035e-17,-3.9074137737811543e-13
武山县,0.0235394631097543,0.02353946310975432,2,1,-2.0816681711721685e-17,-8.843312022310159e-14
江华瑶族自治县,0.02753891556238,0.02753891556238004,2,1,-3.8163916471489756e-17,-1.3858176944201886e-13
张家川回族自治县,0.0213254381629218,0.021325438162921838,2,1,-3.8163916471489756e-17,-1.7895958891876221e-13
清水县,0.0199140117432102,0.019914011743210225,2,1,-2.42861286636753e-17,-1.2195497811713287e-13
秦安县,0.0206635054855252,0.020663505485525268,2,1,-6.938893903907228e-17,-3.3580429558614365e-13
新田县,0.0280299542537316,0.02802995425373166,2,1,-5.898059818321144e-17,-2.1041988741511873e-13
四子王旗,0.0287389191913649,0.028738919191364943,2,1,-4.163336342344337e-17,-1.4486753362650036e-13
南郑区,0.0091647020073002,0.009164702007300273,2,1,-7.28583859910259e-17,-7.949891434875845e-13
察哈尔右翼后旗,0.0275986072331603,0.0275986072331603,2,1,0.0,0.0
察哈尔右翼中旗,0.0281052458737832,0.02810524587378328,2,1,-7.979727989493313e-17,-2.8392308059958464e-13
察哈尔右翼前旗,0.0264038596679193,0.026403859667919326,2,1,-2.42861286636753e-17,-9.197946424924735e-14
兴和县,0.0256990240728602,0.025699024072860288,2,1,-8.673617379884035e-17,-3.3750765613873623e-13
商都县,0.0277167857334333,0.0277167857334333,2,1,0.0,0.0
淮滨县,0.0167915038758993,0.01679150387589935,2,1,-4.85722573273506e-17,-2.8926686785372335e-13
商城县,0.0157643048712852,0.015764304871285217,2,1,-1.734723475976807e-17,-1.100412285946472e-13
新县,0.0155350277645794,0.015535027764579445,2,1,-4.5102810375396984e-17,-2.903297699810579e-13
潢川县,0.0163118465398599,0.016311846539859964,2,1,-6.245004513516506e-17,-3.8285086230158457e-13
固始县,0.0163891448881207,0.016389144888120787,2,1,-8.673617379884035e-17,-5.292294039191065e-13
光山县,0.0155843234383221,0.015584323438322157,2,1,-5.724587470723463e-17,-3.673298679522135e-13
佛坪县,0.0163728400009062,0.01637284000090621,2,1,-1.0408340855860843e-17,-6.357077242118508e-14
马尔康市,0.0571757622150058,0.057175762215005865,2,1,-6.245004513516506e-17,-1.0922468318013074e-13
麦积区,0.0159104651335824,0.015910465133582474,2,1,-7.28583859910259e-17,-4.579274419654931e-13
化德县,0.0275029337953785,0.027502933795378513,2,1,-1.3877787807814457e-17,-5.045929976439978e-14
卓资县,0.026328292436919,0.02632829243691901,2,1,-1.0408340855860843e-17,-3.953291266723277e-14
西乡县,0.0106518452147456,0.010651845214745614,2,1,-1.3877787807814457e-17,-1.3028529356212471e-13
勉县,0.0114246146102516,0.011424614610251693,2,1,-9.194034422677078e-17,-8.04756636116807e-13
城固县,0.0117581351697764,0.011758135169776418,2,1,-1.734723475976807e-17,-1.4753389469750356e-13
洋县,0.0138054202984504,0.013805420298450433,2,1,-3.2959746043559335e-17,-2.3874496633223724e-13
林甸县,0.0554696840920284,0.05546968409202844,0,0,-4.163336342344337e-17,-7.505606730042025e-14
镇赉县,0.0580695826913953,0.05806958269139535,0,0,-5.551115123125783e-17,-9.559419692451719e-14
通榆县,0.058489836579436,0.058489836579436016,0,0,-1.3877787807814457e-17,-2.372683635210162e-14
镇巴县,0.0099373053561356,0.009937305356135694,2,1,-9.367506770274758e-17,-9.426606544289073e-13
留坝县,0.0143414629211459,0.014341462921145975,2,1,-7.45931094670027e-17,-5.201220396910682e-13
宁强县,0.0083952761343777,0.008395276134377716,2,1,-1.5612511283791264e-17,-1.8596781134881052e-13
略阳县,0.0100708443405432,0.010070844340543205,2,1,-5.204170427930421e-18,-5.167561181518288e-14
阿图什市,0.0195323441834633,0.019532344183463335,0,0,-3.469446951953614e-17,-1.7762573295687425e-13
青河县,0.0212183446333081,0.021218344633308166,0,0,-6.591949208711867e-17,-3.1067217177554685e-13
吉木乃县,0.0132210150542648,0.013221015054264817,2,1,-1.734723475976807e-17,-1.3120955303785258e-13
勐腊县,0.0284852630404666,0.028485263040466623,2,1,-2.42861286636753e-17,-8.5258572579e-14
勐海县,0.0322105620924216,0.03221056209242169,2,1,-9.020562075079397e-17,-2.800498187270597e-13
贵德县,0.0157145315601421,0.01571453156014211,2,1,-1.0408340855860843e-17,-6.623386014420093e-14
同德县,0.0158923149194947,0.0158923149194947,2,1,0.0,0.0
共和县,0.0196542991642083,0.019654299164208366,2,1,-6.591949208711867e-17,-3.3539477310471563e-13
贵南县,0.0170528012331965,0.017052801233196514,2,1,-1.3877787807814457e-17,-8.138127934546442e-14
兴海县,0.0160855458267421,0.01608554582674212,2,1,-1.734723475976807e-17,-1.0784361902676875e-13
巴州区,0.0215566729932295,0.021556672993229543,2,1,-4.163336342344337e-17,-1.931344574207692e-13
利辛县,0.0375822903691965,0.03758229036919651,2,1,-1.3877787807814457e-17,-3.6926402492991956e-14
永登县,0.0320237960455103,0.03202379604551035,2,1,-5.551115123125783e-17,-1.7334344483198873e-13
皋兰县,0.0315513576457125,0.031551357645712576,2,1,-7.632783294297951e-17,-2.41916160312523e-13
榆中县,0.0291220686433955,0.02912206864339556,2,1,-5.898059818321144e-17,-2.0252887562843975e-13
颍东区,0.0368008692966438,0.036800869296643876,2,1,-7.632783294297951e-17,-2.074076900948108e-13
巴宜区,0.0037659042060564,0.0037659042060564363,2,1,-3.642919299551295e-17,-9.673425292371075e-13
昭阳区,0.0236346758930359,0.023634675893035917,2,1,-1.734723475976807e-17,-7.33973879662108e-14
石楼县,0.0341139544790686,0.034113954479068655,2,1,-5.551115123125783e-17,-1.6272271004324017e-13
乌恰县,0.0220473166308254,0.022047316630825483,0,0,-8.326672684688674e-17,-3.776728399249606e-13
方山县,0.037041438041513,0.03704143804151302,2,1,-2.0816681711721685e-17,-5.6198362732008534e-14
岚县,0.0405681348587035,0.040568134858703524,0,0,-2.0816681711721685e-17,-5.1312888266184744e-14
中阳县,0.0352291498783022,0.035229149878302245,2,1,-4.163336342344337e-17,-1.1817873427903948e-13
临县,0.0371975419351252,0.037197541935125276,2,1,-7.632783294297951e-17,-2.051959053533693e-13
兴县,0.0381129003084318,0.0381129003084318,0,0,0.0,0.0
察隅县,0.0009269535744957,0.0009269535744957147,2,1,-1.463672932855431e-17,-1.5790142819738355e-12
城关区,0.0297224160665386,0.029722416066538603,2,1,-3.469446951953614e-18,-1.1672829504124686e-14
朗县,0.0120321373818276,0.012032137381827634,2,1,-3.2959746043559335e-17,-2.7393093178389955e-13
工布江达县,0.0096163689989129,0.009616368998912949,2,1,-4.85722573273506e-17,-5.050997661678882e-13
太白县,0.0187250528745994,0.018725052874599447,2,1,-4.85722573273506e-17,-2.593971704786955e-13
米林市,0.0050860653702898,0.005086065370289827,2,1,-2.688821387764051e-17,-5.286643391315338e-13
墨脱县,-0.0082195256041205,-0.008219525604120505,0,0,5.204170427930421e-18,-6.331472981021599e-14
波密县,0.0018825754730714,0.0018825754730714462,2,1,-4.618701254788249e-17,-2.4533950010794408e-12
阿克陶县,0.0220473166308254,0.022047316630825483,0,0,-8.326672684688674e-17,-3.776728399249606e-13
阿合奇县,0.0177928601308872,0.0177928601308872,0,0,0.0,0.0
千阳县,0.0223501717805435,0.02235017178054355,2,1,-4.85722573273506e-17,-2.1732386580417297e-13
麟游县,0.0241998948420205,0.024199894842020564,2,1,-6.245004513516506e-17,-2.5805915911141543e-13
彝良县,0.0092742318439028,0.009274231843902848,2,1,-4.85722573273506e-17,-5.237334815959278e-13
威信县,0.0032776885446137,0.0032776885446137104,2,1,-1.0408340855860843e-17,-3.1755124729483744e-13
陇县,0.0237376494317851,0.023737649431785135,2,1,-3.469446951953614e-17,-1.4615798257210604e-13
绥江县,-0.0057747580596865,-0.005774758059686596,0,0,9.540979117872439e-17,-1.6521868135875188e-12
扶风县,0.0214961143495746,0.021496114349574623,2,1,-2.42861286636753e-17,-1.1297915645929697e-13
镇雄县,0.0070188532826679,0.007018853282667936,2,1,-3.642919299551295e-17,-5.190191549589685e-13
大关县,0.0069855696317521,0.006985569631752131,2,1,-3.122502256758253e-17,-4.469932190733974e-13
永善县,0.0094061454517011,0.00940614545170113,2,1,-3.122502256758253e-17,-3.3196406251548435e-13
巧家县,0.0264930166893337,0.026493016689333782,2,1,-8.326672684688674e-17,-3.1429688745264836e-13
盐津县,0.0002966088352787,0.00029660883527871107,2,1,-1.1058862159352145e-17,-3.728433156402974e-12
鲁甸县,0.0255264890959055,0.025526489095905547,2,1,-4.5102810375396984e-17,-1.7669022248199217e-13
黄平县,0.0078263187630532,0.007826318763053253,2,1,-5.377642775528102e-17,-6.871228911496753e-13
三穗县,0.0080818281412885,0.00808182814128855,2,1,-5.0306980803327406e-17,-6.224703114672588e-13
施秉县,0.0075790001894005,0.007579000189400553,2,1,-5.2909066017292616e-17,-6.981008668041392e-13
岑巩县,0.0075081619667779,0.0075081619667779044,2,1,-4.336808689942018e-18,-5.776125647171061e-14
镇远县,0.0076271112011722,0.0076271112011722765,2,1,-7.632783294297951e-17,-1.0007436751577457e-12
锦屏县,0.0082238416045059,0.008223841604505988,2,1,-8.847089727481716e-17,-1.0757855212865773e-12
天柱县,0.0087163616687449,0.008716361668744965,2,1,-6.418476861114186e-17,-7.363711035683031e-13
剑河县,0.0075329260159163,0.0075329260159163304,2,1,-3.0357660829594124e-17,-4.0299958828018996e-13
海伦市,0.050777136873471,0.050777136873471,0,0,0.0,0.0
平江县,0.0297918228480918,0.029791822848091832,2,1,-3.122502256758253e-17,-1.0481071509722169e-13
黎平县,0.0091784275068666,0.009178427506866694,2,1,-9.367506770274758e-17,-1.020600398408835e-12
台江县,0.0082687347222651,0.008268734722265114,2,1,-1.3877787807814457e-17,-1.6783447859859282e-13
从江县,0.0089568125102751,0.008956812510275103,2,1,-3.469446951953614e-18,-3.873528610734593e-14
榕江县,0.0082598231524774,0.008259823152477442,2,1,-4.163336342344337e-17,-5.040466684926045e-13
麻江县,0.0083367236164617,0.00833672361646175,2,1,-5.0306980803327406e-17,-6.034382704494474e-13
雷山县,0.0069120391689879,0.006912039168987949,2,1,-4.85722573273506e-17,-7.027196481362313e-13
丹寨县,0.0076376093898179,0.007637609389817934,2,1,-3.382710778154774e-17,-4.429017779652922e-13
尼勒克县,0.0140465049832139,0.01404650498321396,2,1,-5.898059818321144e-17,-4.198951856970486e-13
通渭县,0.0238456601658298,0.02384566016582986,2,1,-6.245004513516506e-17,-2.6189270794294953e-13
渭源县,0.0274343503719715,0.02743435037197154,2,1,-4.163336342344337e-17,-1.5175633050884388e-13
陇西县,0.0266231369662274,0.02662313696622748,2,1,-7.979727989493313e-17,-2.997290664738689e-13
富川瑶族自治县,0.0280591470741793,0.028059147074179336,2,1,-3.469446951953614e-17,-1.2364762702093244e-13
漳县,0.0262595424552962,0.026259542455296225,2,1,-2.42861286636753e-17,-9.248496505611081e-14
临洮县,0.0289532546137968,0.02895325461379681,2,1,-1.0408340855860843e-17,-3.5948776725436104e-14
岷县,0.026265017197935,0.02626501719793507,2,1,-6.938893903907228e-17,-2.641876779145135e-13
昭平县,0.0280749759092403,0.028074975909240307,2,1,-6.938893903907228e-18,-2.4715582753620218e-14
察布查尔锡伯自治县,0.0126201795025599,0.012620179502559937,2,1,-3.642919299551295e-17,-2.8865827929090453e-13
巨鹿县,0.0397182554862067,0.03971825548620679,2,1,-9.020562075079397e-17,-2.2711375322644834e-13
平乡县,0.0391690112045575,0.039169011204557555,2,1,-5.551115123125783e-17,-1.4172211532569596e-13
威县,0.0401772848756254,0.04017728487562548,2,1,-8.326672684688674e-17,-2.072482675338833e-13
南江县,0.0232172609642984,0.023217260964298436,2,1,-3.469446951953614e-17,-1.4943394732430496e-13
平昌县,0.0210149533859108,0.021014953385910883,2,1,-8.326672684688674e-17,-3.9622608395939393e-13
通江县,0.0241247282996154,0.02412472829961545,2,1,-4.85722573273506e-17,-2.0133804917556252e-13
新河县,0.0403948371730901,0.04039483717309017,2,1,-6.938893903907228e-17,-1.7177675142430608e-13
广宗县,0.0398969703490192,0.039896970349019234,2,1,-3.469446951953614e-17,-8.6960160673927e-14
西秀区,0.0121690813915961,0.012169081391596193,2,1,-9.367506770274758e-17,-7.697792847982622e-13
平坝区,0.0109823616296136,0.010982361629613635,2,1,-3.469446951953614e-17,-3.159108276491594e-13
武川县,0.0283088928633548,0.028308892863354817,2,1,-1.734723475976807e-17,-6.12783934839912e-14
普定县,0.0109128629366136,0.010912862936613699,2,1,-9.8879238130678e-17,-9.060797217467903e-13
镇宁布依族苗族自治县,0.0135818056449362,0.013581805644936296,2,1,-9.540979117872439e-17,-7.024823773287907e-13
关岭布依族苗族自治县,0.0138822309461027,0.013882230946102792,2,1,-9.194034422677078e-17,-6.622879606579483e-13
紫云苗族布依族自治县,0.012369377746366,0.012369377746366006,2,1,-6.938893903907228e-18,-5.609735627926637e-14
临城县,0.0406843026374258,0.04068430263742586,2,1,-6.245004513516506e-17,-1.5349911657995752e-13
巴里坤哈萨克自治县,0.0256705936320868,0.02567059363208682,0,0,-1.734723475976807e-17,-6.757628985285712e-14
茶陵县,0.0297234652439508,0.029723465243950854,2,1,-5.204170427930421e-17,-1.7508626215745635e-13
炎陵县,0.0284104049774525,0.028410404977452584,2,1,-8.326672684688674e-17,-2.9308532177900983e-13
望奎县,0.0510596744087344,0.0510596744087344,0,0,0.0,0.0
兰西县,0.0509589560651636,0.05095895606516365,0,0,-4.85722573273506e-17,-9.531642929505646e-14
青冈县,0.0526372377592521,0.052637237759252185,0,0,-8.326672684688674e-17,-1.5818977285192123e-13
明水县,0.0535341811746675,0.0535341811746675,0,0,0.0,0.0
南皮县,0.0428944273109173,0.042894427310917395,2,1,-9.71445146547012e-17,-2.2647350890257996e-13
盐山县,0.0433333826194145,0.04333338261941451,2,1,-6.938893903907228e-18,-1.6012813873427966e-14
泸水市,0.0256166663075921,0.025616666307592174,2,1,-7.28583859910259e-17,-2.844179063590035e-13
屏山县,0.0114646535684651,0.011464653568465188,2,1,-8.847089727481716e-17,-7.716840002751261e-13
兰坪白族普米族自治县,0.031119823016828,0.03111982301682804,2,1,-4.163336342344337e-17,-1.3378406233522002e-13
贡山独龙族怒族自治县,0.0176607666067778,0.01766076660677781,2,1,-1.0408340855860843e-17,-5.89348191253847e-14
福贡县,0.0192677477687129,0.01926774776871294,2,1,-3.8163916471489756e-17,-1.980714971443653e-13
融安县,0.0224259655192317,0.02242596551923178,2,1,-8.326672684688674e-17,-3.712960620379082e-13
奈曼旗,0.0260752099821382,0.026075209982138203,2,1,-3.469446951953614e-18,-1.3305537920232368e-14
库伦旗,0.0254265948609778,0.02542659486097789,2,1,-9.020562075079397e-17,-3.547687814432134e-13
科尔沁左翼中旗,0.025005732026416,0.02500573202641603,2,1,-2.7755575615628914e-17,-1.10996852986779e-13
三江侗族自治县,0.0213752228800704,0.021375222880070453,2,1,-5.204170427930421e-17,-2.4346742287223666e-13
科尔沁左翼后旗,0.0237461505507824,0.02374615055078245,2,1,-5.204170427930421e-17,-2.191584870482909e-13
融水苗族自治县,0.0211487982466691,0.021148798246669143,2,1,-4.163336342344337e-17,-1.9685923964970665e-13
左权县,0.0324456149142951,0.03244561491429514,2,1,-3.469446951953614e-17,-1.0693115113145903e-13
和顺县,0.0347827408665258,0.034782740866525844,2,1,-4.163336342344337e-17,-1.1969546501009188e-13
海兴县,0.0439031093354326,0.04390310933543266,2,1,-5.551115123125783e-17,-1.2644013618064343e-13
丹江口市,0.0374959054245692,0.03749590542456928,2,1,-7.632783294297951e-17,-2.0356311463535304e-13
乃东区,0.0191054654856212,0.01910546548562129,2,1,-8.673617379884035e-17,-4.5398618455079106e-13
宜章县,0.0334421205843073,0.033442120584307324,2,1,-2.0816681711721685e-17,-6.224689507725144e-14
桂东县,0.0308991257290494,0.03089912572904947,2,1,-6.938893903907228e-17,-2.2456602703757746e-13
汝城县,0.0304274731128624,0.030427473112862445,2,1,-4.5102810375396984e-17,-1.4823054878103207e-13
安仁县,0.0284421781389094,0.028442178138909445,2,1,-4.5102810375396984e-17,-1.5857720233351424e-13
横山区,0.0395034648801423,0.039503464880142364,0,0,-6.245004513516506e-17,-1.5808751289195773e-13
虞城县,0.0199685677462215,0.019968567746221577,2,1,-7.632783294297951e-17,-3.822398977884738e-13
柘城县,0.0193773827691371,0.01937738276913712,2,1,-2.0816681711721685e-17,-1.0742772622976192e-13
民权县,0.0200753097104972,0.02007530971049728,2,1,-7.979727989493313e-17,-3.974896579214792e-13
宁陵县,0.019937771905195,0.019937771905195033,2,1,-3.469446951953614e-17,-1.7401377488171617e-13
睢县,0.0197118254619721,0.019711825461972178,2,1,-7.632783294297951e-17,-3.87218490191232e-13
班玛县,0.0122826642503526,0.012282664250352637,2,1,-3.642919299551295e-17,-2.9659031829732756e-13
玛沁县,0.0129007428916469,0.012900742891646954,2,1,-5.377642775528102e-17,-4.168475273629435e-13
玛多县,0.0167733723498032,0.016773372349803216,2,1,-1.734723475976807e-17,-1.0342127032058396e-13
清涧县,0.0348492238994448,0.03484922389944487,2,1,-6.938893903907228e-17,-1.991118632635535e-13
久治县,0.0123850578489919,0.01238505784899191,2,1,-8.673617379884035e-18,-7.00329177759152e-14
子洲县,0.0369793806356737,0.0369793806356737,2,1,0.0,0.0
达日县,0.0130952697683269,0.013095269768326978,2,1,-7.806255641895632e-17,-5.961126253982427e-13
甘德县,0.013763342558556,0.013763342558556092,2,1,-9.194034422677078e-17,-6.680088345953094e-13
康定市,0.0561665867540327,0.056166586754032743,2,1,-4.163336342344337e-17,-7.412478811604856e-14
沐川县,0.0097139188911038,0.009713918891103878,2,1,-7.806255641895632e-17,-8.036154850999109e-13
吴堡县,0.0357879989843977,0.03578799898439773,2,1,-3.469446951953614e-17,-9.694442412011264e-14
马边彝族自治县,0.009742838466231,0.009742838466231007,2,1,-6.938893903907228e-18,-7.122045518826632e-14
米脂县,0.0377635506951343,0.037763550695134374,2,1,-7.632783294297951e-17,-2.0212038205616598e-13
佳县,0.0384214993901911,0.038421499390191106,2,1,-6.938893903907228e-18,-1.8059924818235247e-14
定边县,0.0391841584067478,0.039184158406747896,0,0,-9.71445146547012e-17,-2.4791782854259785e-13
绥德县,0.0362474287867087,0.036247428786708745,2,1,-4.163336342344337e-17,-1.1485880465736525e-13
郧西县,0.0392336871235995,0.0392336871235995,2,1,0.0,0.0
丹巴县,0.0554683706663075,0.05546837066630759,2,1,-9.020562075079397e-17,-1.626253298361013e-13
房县,0.0380413808118973,0.038041380811897355,2,1,-5.551115123125783e-17,-1.459230712621684e-13
泸定县,0.0336242049259312,0.0336242049259312,2,1,0.0,0.0
竹溪县,0.0357774807209585,0.03577748072095853,2,1,-2.7755575615628914e-17,-7.75783399398763e-14
竹山县,0.0365518801448198,0.03655188014481982,2,1,-2.0816681711721685e-17,-5.695105594909282e-14
古浪县,0.0359626808403792,0.035962680840379256,2,1,-5.551115123125783e-17,-1.5435765614261258e-13
炉霍县,0.0643132464206462,0.0643132464206462,2,1,0.0,0.0
天祝藏族自治县,0.0321979112059041,0.03219791120590413,2,1,-2.7755575615628914e-17,-8.620303173747301e-14
道孚县,0.0615428562201161,0.061542856220116106,2,1,-6.938893903907228e-18,-1.1274897413095947e-14
雅江县,0.0647243098872142,0.06472430988721425,2,1,-5.551115123125783e-17,-8.576553589831878e-14
九龙县,0.0544605832066446,0.05446058320664467,2,1,-6.938893903907228e-17,-1.274113036501714e-13
滑县,0.0207518635439213,0.020751863543921334,2,1,-3.469446951953614e-17,-1.6718724776743675e-13
新龙县,0.0634092455193438,0.0634092455193438,2,1,0.0,0.0
甘孜县,0.0636577595265849,0.06365775952658499,2,1,-9.71445146547012e-17,-1.526043570762671e-13
德格县,0.0619455918405225,0.06194559184052255,2,1,-4.85722573273506e-17,-7.841116031694187e-14
理塘县,0.0682026063016744,0.06820260630167443,2,1,-2.7755575615628914e-17,-4.069576973768448e-14
色达县,0.0635305627231707,0.06353056272317074,2,1,-4.163336342344337e-17,-6.55328107274248e-14
石渠县,0.0642547859036898,0.06425478590368985,2,1,-5.551115123125783e-17,-8.639224370689263e-14
白玉县,0.0631979643834365,0.06319796438343654,2,1,-4.163336342344337e-17,-6.587769689992577e-14
得荣县,0.0676317513825573,0.06763175138255735,2,1,-5.551115123125783e-17,-8.207853574168198e-14
稻城县,0.0661964725630233,0.06619647256302337,2,1,-6.938893903907228e-17,-1.0482271388858292e-13
乡城县,0.0680174277774943,0.06801742777749435,2,1,-5.551115123125783e-17,-8.161312923042554e-14
巴塘县,0.0662278704306967,0.0662278704306967,2,1,0.0,0.0
英吉沙县,0.0133509113540408,0.013350911354040873,2,1,-7.28583859910259e-17,-5.457184461716474e-13
泽普县,0.0130884756990258,0.013088475699025881,2,1,-8.153200337090993e-17,-6.229297073682768e-13
莎车县,0.0140418367248303,0.014041836724830304,2,1,-3.469446951953614e-18,-2.4707928314096973e-14
叶城县,0.0191137616195672,0.01911376161956722,0,0,-2.0816681711721685e-17,-1.0890939275088135e-13
鄱阳县,0.0424124189182334,0.042412418918233476,2,1,-7.632783294297951e-17,-1.7996576212767128e-13
麦盖提县,0.0137588064553268,0.013758806455326822,2,1,-2.0816681711721685e-17,-1.5129714760732284e-13
余干县,0.0414882932511188,0.04148829325111884,2,1,-3.469446951953614e-17,-8.362472109792205e-14
岳普湖县,0.012978851334057,0.01297885133405705,2,1,-5.0306980803327406e-17,-3.8760734296508793e-13
伽师县,0.0137556089943637,0.013755608994363743,2,1,-4.336808689942018e-17,-3.1527565894894167e-13
横峰县,0.0400637492320949,0.04006374923209498,2,1,-7.632783294297951e-17,-1.9051595121764953e-13
鹤庆县,0.0366196987712285,0.036619698771228545,2,1,-4.85722573273506e-17,-1.3263969654909607e-13
剑川县,0.0357637431374282,0.035763743137428285,2,1,-8.326672684688674e-17,-2.328244180899078e-13
洱源县,0.0357865639862222,0.035786563986222264,2,1,-6.245004513516506e-17,-1.7450696065486524e-13
霍邱县,0.0357994809616118,0.03579948096161184,2,1,-4.163336342344337e-17,-1.1629599733048438e-13
金寨县,0.0351024505906609,0.03510245059066094,2,1,-3.469446951953614e-17,-9.883774191186146e-14
舒城县,0.033386233028609,0.033386233028609026,2,1,-2.7755575615628914e-17,-8.313479269088207e-14
疏附县,0.0174209292713867,0.017420929271386783,0,0,-8.326672684688674e-17,-4.779694903167375e-13
疏勒县,0.0130722515554889,0.013072251555488945,2,1,-4.5102810375396984e-17,-3.4502709945524753e-13
喀什市,0.0141908038004418,0.014190803800441885,0,0,-8.500145032286355e-17,-5.98989680346484e-13
广信区,0.039168266448475,0.039168266448475,2,1,0.0,0.0
堆龙德庆区,0.0178375629059697,0.017837562905969773,2,1,-7.28583859910259e-17,-4.0845482297720206e-13
裕安区,0.0343406007346048,0.03434060073460486,2,1,-6.245004513516506e-17,-1.818548417885842e-13
达孜区,0.0197179887107219,0.019717988710721935,2,1,-3.469446951953614e-17,-1.7595338971195645e-13
七星关区,0.0115508466460972,0.011550846646097212,2,1,-1.214306433183765e-17,-1.0512705002399574e-13
靖西市,0.0276815211975745,0.02768152119757459,2,1,-9.020562075079397e-17,-3.2586944953985275e-13
刚察县,0.0195023613296174,0.019502361329617423,2,1,-2.42861286636753e-17,-1.245291698436177e-13
海晏县,0.0193873021215439,0.019387302121543926,2,1,-2.7755575615628914e-17,-1.4316368229897152e-13
加查县,0.0148915420683355,0.014891542068335529,2,1,-2.949029909160572e-17,-1.980338836386334e-13
隆子县,0.0094382867534666,0.009438286753466673,2,1,-7.28583859910259e-17,-7.71945035090877e-13
琼结县,0.0193028394168665,0.019302839416866592,2,1,-9.367506770274758e-17,-4.852916489627708e-13
曲松县,0.0190690945753629,0.019069094575362943,2,1,-4.163336342344337e-17,-2.1832899962242155e-13
措美县,0.0209301972985458,0.020930197298545818,0,0,-1.734723475976807e-17,-8.288137236514878e-14
洛扎县,0.0129245591309051,0.012924559130905188,2,1,-8.847089727481716e-17,-6.845177183898341e-13
淳化县,0.0264817266997518,0.02648172669975183,2,1,-3.122502256758253e-17,-1.1791158077269617e-13
扎囊县,0.0206028156705439,0.020602815670543978,0,0,-7.632783294297951e-17,-3.7047282353793065e-13
平山县,0.0443673337708286,0.04436733377082861,2,1,-1.3877787807814457e-17,-3.127929183100712e-14
贡嘎县,0.0222497662941049,0.02224976629410493,0,0,-2.7755575615628914e-17,-1.2474547035122228e-13
桑日县,0.018272444406738,0.01827244440673801,2,1,-1.0408340855860843e-17,-5.696195114443878e-14
祁连县,0.0178672461777258,0.017867246177725827,2,1,-2.7755575615628914e-17,-1.5534333237222845e-13
门源回族自治县,0.012762977288218,0.012762977288218059,2,1,-5.898059818321144e-17,-4.621225663204654e-13
长武县,0.0257060202655079,0.02570602026550798,2,1,-7.979727989493313e-17,-3.1042253554123323e-13
永寿县,0.0249133488701251,0.02491334887012515,2,1,-5.204170427930421e-17,-2.0889084221716192e-13
宁蒗彝族自治县,0.0377682860959625,0.037768286095962535,2,1,-3.469446951953614e-17,-9.186138187839298e-14
玉龙纳西族自治县,0.0330132072784543,0.033013207278454325,2,1,-2.7755575615628914e-17,-8.407415668983866e-14
永胜县,0.0371412863666668,0.03714128636666684,2,1,-4.163336342344337e-17,-1.1209456509510677e-13
旬邑县,0.0278524718722726,0.027852471872272612,2,1,-1.0408340855860843e-17,-3.7369540856524266e-14
安定区,0.0280295382517572,0.028029538251757292,2,1,-9.020562075079397e-17,-3.2182342763045196e-13
云龙县,0.032155509220733,0.03215550922073308,2,1,-8.326672684688674e-17,-2.5895011108453664e-13
永平县,0.0328562485851111,0.03285624858511117,2,1,-6.938893903907228e-17,-2.1118947544886764e-13
巍山彝族回族自治县,0.0337775455001908,0.03377754550019084,2,1,-4.163336342344337e-17,-1.2325751562738075e-13
南涧彝族自治县,0.0320618000564179,0.032061800056417934,2,1,-3.469446951953614e-17,-1.082112341118889e-13
弥渡县,0.0343003292704896,0.03430032927048966,2,1,-6.245004513516506e-17,-1.8206835462916106e-13
宾川县,0.0373551815106346,0.03735518151063466,2,1,-6.245004513516506e-17,-1.6717907023791634e-13
祥云县,0.0376158608691582,0.03761586086915826,2,1,-6.245004513516506e-17,-1.6602051286926327e-13
漾濞彝族自治县,0.0323161473951411,0.03231614739514116,2,1,-6.245004513516506e-17,-1.9324718498020785e-13
行唐县,0.0427215788279513,0.04272157882795132,2,1,-2.0816681711721685e-17,-4.872638671795064e-14
灵寿县,0.0430444033268532,0.043044403326853276,2,1,-7.632783294297951e-17,-1.773234777199533e-13
赞皇县,0.0408499000860345,0.04084990008603453,2,1,-2.7755575615628914e-17,-6.794527173180967e-14
浪卡子县,0.022368269966434,0.022368269966434026,0,0,-2.7755575615628914e-17,-1.24084587933171e-13
巴楚县,0.0138817331287069,0.013881733128706952,2,1,-5.204170427930421e-17,-3.7489342142505054e-13
塔什库尔干塔吉克自治县,0.0218154898552767,0.021815489855276735,0,0,-3.469446951953614e-17,-1.5903594074530596e-13
错那市,-0.0082195256041205,-0.008219525604120505,0,0,5.204170427930421e-18,-6.331472981021599e-14
